Locality,Municipality,Population(December 31th, 2017),Land area(hectare),Population density(inv./km²),Locality code,Latitude,Longitude
Abbekås,Skurups kommun,765,143,535,3300
Abborrberget,Strängnäs kommun,2 464,154,1 600,0699
Alberga,Eskilstuna kommun,406,59,688,0700
Alby,Ånge kommun,328,150,219,7400
Alfta,Ovanåkers kommun,2 378,384,619,7000
Algutsrum,Mörbylånga kommun,865,175,494,2092
Alingsås,Alingsås kommun,26 919,1 400,1 923,4700
Allerum,Helsingborgs kommun,749,96,780,3304
Almunge,Uppsala kommun,806,105,768,0500
Alsike,Knivsta kommun,4 204,310,1 356,0504
Alstad,Trelleborgs kommun,357,54,661,3308
Alster,Karlstads kommun,755,137,551,5596
Alsterbro,Nybro kommun,462,104,444,2100
Alstermo,Uppvidinge kommun,878,168,523,1804
Alunda,Östhammars kommun,2 515,296,850,0508
Alvesta,Alvesta kommun,8 917,637,1 400,1808
Alvhem,Ale kommun,322,85,379,4704
Alvik,Leksands kommun,301,172,175,6402
Alvik,Luleå kommun,821,178,461,8504
Ambjörnarp,Tranemo kommun,303,102,297,4708
Ammenäs,Uddevalla kommun,580,148,392,4296
Anderslöv,Trelleborgs kommun,1 987,138,1 440,3312
Anderstorp,Gislaveds kommun,5 142,620,829,1400
Aneby,Aneby kommun,3 638,404,900,1404
Angelstad,Ljungby kommun,256,61,420,1812
Angered,Göteborgs kommun,1 221,200,611,4294
Ankarsrum,Västerviks kommun,1 329,169,786,2104
Ankarsvik,Sundsvalls kommun,1 012,208,487,7408
Anneberg,Nässjö kommun,837,115,728,1408
Annelöv,Landskrona kommun,454,67,678,3316
Antnäs,Luleå kommun,886,111,798,8508
Aplared,Borås kommun,470,64,734,4716
Arboga,Arboga kommun,10 909,774,1 409,6200
Arbrå,Bollnäs kommun,2 028,291,697,7004
Ardala,Skara kommun,715,65,1 100,5200
Arentorp,Vara kommun,484,81,598,5204
Arild,Höganäs kommun,706,330,214,3320
Arjeplog,Arjeplogs kommun,1 806,227,796,8512
Arkelstorp,Kristianstads kommun,801,156,513,2800
Arninge,Täby kommun,589,129,457,0114
Arnö,Nyköpings kommun,4 263,228,1 870,0702
Arrie,Vellinge kommun,223,37,603,3324
Arvidsjaur,Arvidsjaurs kommun,4 683,427,1 097,8516
Arvidsvik,Kungälvs kommun,815,69,1 181,4506
Arvika,Arvika kommun,14 052,1 079,1 302,5604
Aröd och Timmervik,Kungälvs kommun,890,263,338,5070
Askeby,Linköpings kommun,499,57,875,1004
Askersby,Örebro kommun,256,60,427,5900
Askersund,Askersunds kommun,4 088,381,1 073,5904
Asmundtorp,Landskrona kommun,1 606,118,1 361,3328
Aspeboda,Falu kommun,225,106,212,6408
Asperö,Göteborgs kommun,404,38,1 063,4298
Aspås,Krokoms kommun,502,155,324,7800
Avan,Luleå kommun,220,69,319,8524
Avesta,Avesta kommun,11 989,1 077,1 113,6404
Axvall,Skara kommun,1 149,116,991,5208
Backa,Rättviks kommun,559,309,181,6410
Backaryd,Ronneby kommun,400,71,563,2600
Backe,Strömsunds kommun,569,152,374,7804
Baggetorp,Vingåkers kommun,473,90,526,0704
Baldersnäs,Värmdö kommun,269,188,143,0118
Ballingslöv,Hässleholms kommun,346,66,524,2804
Balsby,Kristianstads kommun,466,56,832,2808
Bammarboda,Österåkers kommun,648,308,210,0102
Bankekind,Linköpings kommun,490,47,1 043,1008
Bankeryd,Jönköpings kommun,8 668,676,1 282,1412
Bara,Svedala kommun,3 734,176,2 122,3332
Barkarö,Västerås kommun,1 521,143,1 064,6204
Barnarp och Odensjö,Jönköpings kommun,2 865,201,1 425,1612
Barsebäck,Kävlinge kommun,729,61,1 195,3336
Barsebäckshamn,Kävlinge kommun,476,53,898,3337
Baskemölla,Simrishamns kommun,318,68,468,2812
Bastuträsk,Norsjö kommun,369,90,410,8112
Beddingestrand,Trelleborgs kommun,1 356,385,352,3338
Bengtsfors,Bengtsfors kommun,3 238,390,830,4720
Bengtsheden,Falu kommun,517,178,290,6412
Bensbyn,Luleå kommun,585,128,457,8528
Berg,Gävle kommun,308,118,261,7014
Berg,Linköpings kommun,1 307,107,1 221,1016
Berg,Åtvidabergs kommun,302,54,559,1012
Berga,Högsby kommun,771,145,532,2108
Berga,Norrköpings kommun,272,20,1 360,1018
Bergagård,Falkenbergs kommun,246,52,473,3908
Bergby,Gävle kommun,1 544,467,331,7016
Bergeforsen,Timrå kommun,1 795,284,632,7416
Berghem,Marks kommun,376,84,448,4724
Bergkvara,Torsås kommun,1 093,217,504,2112
Bergnäset,Luleå kommun,3 707,294,1 261,8532
Bergshammar,Nyköpings kommun,827,65,1 272,0708
Bergshamra,Norrtälje kommun,597,254,235,0100
Bergsjö,Nordanstigs kommun,1 288,186,692,7020
Bergströmshusen,Staffanstorps kommun,394,31,1 271,2814
Bergsviken,Piteå kommun,2 267,209,1 085,8536
Bergsäng,Hagfors kommun,193,76,254,5608
Bergvik,Söderhamns kommun,707,168,421,7024
Bestorp,Linköpings kommun,503,95,529,1020
Betsede,Värmdö kommun,314,55,571,0122
Bettna,Flens kommun,383,70,547,0712
Bie,Katrineholms kommun,517,63,821,0716
Billdal,Kungsbacka kommun,15 036,1 874,802,4300
Billeberga,Svalövs kommun,1 048,139,754,3340
Billinge,Eslövs kommun,432,76,568,3348
Billingsfors,Bengtsfors kommun,1 159,160,724,4728
Billsta,Örnsköldsviks kommun,357,104,343,7420
Birka,Krokoms kommun,337,97,347,7814
Bjurholm,Bjurholms kommun,1 021,164,623,8120
Bjursås,Falu kommun,1 974,467,423,6424
Bjuv,Bjuvs kommun,10 970,1 024,1 071,3352
Bjärlöv,Kristianstads kommun,210,69,304,3354
Bjärnum,Hässleholms kommun,2 813,434,648,2816
Bjärred,Lomma kommun,9 982,507,1 969,3356
Bjärsjölagård,Sjöbo kommun,363,74,491,3360
Bjästa,Örnsköldsviks kommun,1 878,240,783,7424
Björbo,Gagnefs kommun,658,193,341,6428
Björboholm,Lerums kommun,1 094,235,466,4732
Björke,Gävle kommun,651,141,462,7028
Björketorp,Marks kommun,535,100,535,4736
Björklinge,Uppsala kommun,3 368,304,1 108,0512
Björkskatan,Luleå kommun,4 396,154,2 855,8538
Björktorp och Sanda,Strängnäs kommun,455,170,268,0722
Björkvik,Katrineholms kommun,459,119,386,0720
Björkö,Öckerö kommun,1 491,103,1 448,4304
Björköby,Vetlanda kommun,321,82,391,1420
Björlanda och Torslanda,Göteborgs kommun,23 548,1 936,1 216,4302
Björna,Örnsköldsviks kommun,438,73,600,7428
Björneborg,Kristinehamns kommun,1 299,144,902,5612
Björnlunda,Gnesta kommun,845,116,728,0724
Björnås,Åstorps kommun,826,99,834,2810
Björnänge,Åre kommun,714,375,190,7810
Björsäter,Åtvidabergs kommun,401,73,549,1024
Blackstalund,Uppsala kommun,219,67,327,0650
Bleket,Tjörns kommun,409,116,353,4308
Blentarp,Sjöbo kommun,1 484,254,584,3364
Blidsberg,Ulricehamns kommun,559,114,490,4740
Blidö,Norrtälje kommun,242,496,49,0126
Blixbo,Falu kommun,334,128,261,6430
Blombacka,Karlstads kommun,199,99,201,5616
Blomstermåla,Mönsterås kommun,2 423,379,639,2120
Blåsmark,Piteå kommun,296,57,519,8540
Blötberget,Ludvika kommun,278,57,488,6432
Bockara,Oskarshamns kommun,365,101,361,2124
Boda,Rättviks kommun,531,288,184,6436
Bodafors,Nässjö kommun,1 992,231,862,1424
Boden,Bodens kommun,16 969,1 402,1 210,8544
Boliden,Skellefteå kommun,1 714,142,1 207,8132
Bollebygd,Bollebygds kommun,4 185,336,1 246,4744
Bollnäs,Bollnäs kommun,14 050,1 463,960,7036
Bollstabruk,Kramfors kommun,1 914,514,372,7432
Bondstorp,Vaggeryds kommun,216,56,386,1426
Bonäs,Mora kommun,367,96,382,6440
Bor,Värnamo kommun,1 276,164,778,1428
Borensberg,Motala kommun,3 003,277,1 084,1028
Borggård,Finspångs kommun,249,47,530,1032
Borgholm,Borgholms kommun,4 413,964,458,2132
Borgstena,Borås kommun,424,107,396,4748
Borlänge,Borlänge kommun,42 839,3 148,1 361,6444
Borrby,Simrishamns kommun,994,103,965,2820
Borås,Borås kommun,73 058,3 081,2 371,4752
Bosnäs,Borås kommun,435,100,435,4310
Botsmark,Umeå kommun,199,39,510,8136
Bottnaryd,Jönköpings kommun,725,85,853,1432
Bovallstrand,Sotenäs kommun,455,128,355,4312
Boxholm,Boxholms kommun,3 354,451,744,1040
Brantevik,Simrishamns kommun,370,87,425,2824
Brastad,Lysekils kommun,2 306,469,492,4316
Braås,Växjö kommun,1 753,150,1 169,1820
Bredared,Borås kommun,334,61,548,4756
Bredaryd,Värnamo kommun,1 546,220,703,1436
Bredbyn,Örnsköldsviks kommun,1 242,193,644,7444
Bredsand,Enköpings kommun,1 092,213,513,0612
Bredviken,Kalix kommun,365,57,640,8556
Bro,Upplands-Bro kommun,8 635,364,2 372,0112
Broaryd,Gislaveds kommun,314,70,449,1440
Broby,Östra Göinge kommun,3 229,378,854,2828
Brokind,Linköpings kommun,518,69,751,1044
Bromölla,Bromölla kommun,7 977,629,1 268,2832
Brottby,Vallentuna kommun,251,37,678,0116
Brunn,Värmdö kommun,1 273,198,643,0120
Brunna,Upplands-Bro kommun,3 953,224,1 765,0124
Brunnsberg,Älvdalens kommun,197,121,163,6448
Bruzaholm,Eksjö kommun,295,76,388,1444
Brålanda,Vänersborgs kommun,1 592,183,870,4760
Bräcke,Bräcke kommun,1 586,203,781,7816
Bräkne-Hoby,Ronneby kommun,1 718,241,713,2604
Brändön,Luleå kommun,333,93,358,8558
Brännland,Umeå kommun,339,63,538,8140
Brännäset och Boviken,Umeå kommun,250,270,93,8138
Brännö,Göteborgs kommun,897,193,465,4322
Brösarp,Tomelilla kommun,735,96,766,2836
Bua,Varbergs kommun,2 061,235,877,3912
Buerås,Kungsbacka kommun,757,91,832,3914
Bullmark,Umeå kommun,326,44,741,8142
Bunkeflostrand,Malmö kommun,13 380,476,2 811,3372
Bureå,Skellefteå kommun,2 570,392,656,8144
Burgsvik,Gotlands kommun,333,127,262,2500
Burlövs egnahem,Burlövs kommun,650,28,2 321,3374
Burseryd,Gislaveds kommun,977,198,493,1452
Burträsk,Skellefteå kommun,1 644,190,865,8148
Buskhyttan,Nyköpings kommun,199,58,343,0728
Butbro,Finspångs kommun,283,40,708,1206
Bygdeå,Robertsfors kommun,513,79,649,8152
Bygdsiljum,Skellefteå kommun,333,97,343,8156
Byske,Skellefteå kommun,1 770,326,543,8160
Bålsta,Håbo kommun,13 418,1 022,1 313,0520
Bårslöv,Helsingborgs kommun,2 770,138,2 007,3376
Båstad,Båstads kommun,5 373,858,626,2840
Båtskärsnäs,Kalix kommun,249,66,377,8560
Bäckaskog,Kristianstads kommun,312,42,743,2844
Bäckebo,Nybro kommun,228,83,275,2144
Bäckefors,Bengtsfors kommun,728,139,524,4768
Bäckhammar,Kristinehamns kommun,303,83,365,5624
Bälgviken,Eskilstuna kommun,235,39,603,0730
Bälinge,Luleå kommun,301,61,493,8564
Bälinge,Uppsala kommun,2 417,156,1 549,0524
Bärby,Uppsala kommun,348,56,621,0526
Bäsna,Gagnefs kommun,674,149,452,6456
"Bökenäs, Korsanäs och Kuggeboda",Ronneby kommun,451,241,187,2682
Böle,Piteå kommun,346,65,532,8568
Bönan,Gävle kommun,901,304,296,7038
Charlottenberg,Eda kommun,2 505,276,908,5628
Dalarö,Haninge kommun,1 812,615,295,0132
Dalby,Lunds kommun,6 464,412,1 569,3380
Dals Långed,Bengtsfors kommun,1 493,210,711,4772
Dals Rostock,Melleruds kommun,899,143,629,4776
Dalsjöfors,Borås kommun,3 702,352,1 052,4780
Dalstorp,Tranemo kommun,713,141,506,4784
Dalum,Ulricehamns kommun,666,78,854,4788
Danholn,Falu kommun,460,80,575,6472
Danmark,Uppsala kommun,448,54,830,0530
Dannemora,Östhammars kommun,236,68,347,0528
Dannike,Borås kommun,448,77,582,4792
Degeberga,Kristianstads kommun,1 359,212,641,2848
Degerfors,Degerfors kommun,7 312,788,928,5916
Degerhamn,Mörbylånga kommun,329,126,261,2152
Deje,Forshaga kommun,2 715,318,854,5632
Delsbo,Hudiksvalls kommun,2 270,337,674,7040
Dingle,Munkedals kommun,947,97,976,4324
Dingtuna,Västerås kommun,1 035,103,1 005,6208
Diseröd,Kungälvs kommun,1 334,118,1 131,4328
Diö,Älmhults kommun,891,135,660,1832
Djupekås,Sölvesborgs kommun,211,32,659,2610
Djupvik och Fagerfjäll,Tjörns kommun,272,195,139,4326
Djura,Leksands kommun,388,125,310,6476
Djurås,Gagnefs kommun,2 150,387,556,6484
Djurö,Värmdö kommun,1 441,627,230,0136
Djurön,Norrköpings kommun,270,55,491,1058
Docksta,Kramfors kommun,397,113,351,7448
Domsten,Helsingborgs kommun,620,49,1 265,3384
Donsö,Göteborgs kommun,1 471,104,1 414,4332
Dorotea,Dorotea kommun,1 428,203,703,8168
Drag,Kalmars kommun,504,150,336,2422
Drottningholm,Ekerö kommun,364,47,774,0140
Drottningskär,Karlskrona kommun,510,223,229,2612
Drängsmark,Skellefteå kommun,340,63,540,8340
Dunö,Kalmars kommun,406,59,688,2154
Duvesjön,Kungälvs kommun,311,46,676,4562
Dvärsätt,Krokoms kommun,756,131,577,7824
Dyvelsten,Forshaga kommun,243,46,528,5634
Dösjebro,Kävlinge kommun,918,68,1 350,3388
Ed,Dals-Eds kommun,3 019,350,863,4796
Eda Glasbruk,Eda kommun,227,90,252,5636
Edane,Arvika kommun,671,174,386,5640
Edsbro,Norrtälje kommun,573,151,379,0144
Edsbruk,Västerviks kommun,359,70,513,2156
Edsbyn,Ovanåkers kommun,4 245,528,804,7044
Edsgatan och Långenäs,Karlstads kommun,389,105,370,5648
Edsta,Hudiksvalls kommun,215,73,295,7128
Edsvalla,Karlstads kommun,732,81,904,5652
Edsvalla Övre bruket,Karlstads kommun,247,33,748,5654
Eggby,Skara kommun,228,48,475,5216
Ekeby,Bjuvs kommun,3 347,384,872,3392
Ekeby,Kumla kommun,461,99,466,5920
Ekeby,Södertälje kommun,970,66,1 470,0148
Ekeby-Almby,Örebro kommun,1 849,200,925,5924
Ekedalen,Tidaholms kommun,476,72,661,5220
Ekenässjön,Vetlanda kommun,1 551,214,725,1456
Ekerö,Ekerö kommun,11 524,596,1 934,0150
Ekerö sommarstad,Ekerö kommun,598,94,636,0151
Eket,Örkelljunga kommun,399,109,366,2856
Ekshärad,Hagfors kommun,978,158,619,5724
Eksjö,Eksjö kommun,10 385,807,1 287,1460
Ekskogen,Vallentuna kommun,291,60,485,0146
"Ekskogen, Älgeby och Långsjötorp",Vallentuna kommun,343,215,160,0142
Eksund,Norrköpings kommun,501,73,686,1046
Ekängen,Linköpings kommun,2 696,186,1 449,1050
Eldsberga,Halmstads kommun,697,90,774,3916
Ellös,Orust kommun,1 020,221,462,4336
Emmaboda,Emmaboda kommun,4 978,587,848,2160
Emmaljunga,Hässleholms kommun,297,92,323,2860
Emsfors,Oskarshamns kommun,313,70,447,2164
Emtunga,Vara kommun,317,40,793,5224
Enbacka,Säters kommun,1 945,288,675,6492
Eneryda,Älmhults kommun,336,64,525,1840
Enhagen-Ekbacken,Västerås kommun,1 087,76,1 430,6210
Enköping,Enköpings kommun,23 271,1 050,2 216,0532
Enstaberga,Nyköpings kommun,445,58,767,0736
Enviken,Falu kommun,870,325,268,6496
Enånger,Hudiksvalls kommun,637,163,391,7048
Eriksmåla,Emmaboda kommun,216,93,232,2168
Eringsboda,Ronneby kommun,293,78,376,2616
Ersmark,Skellefteå kommun,865,130,665,8172
Ersmark,Umeå kommun,1 649,149,1 107,8368
Ersnäs,Luleå kommun,494,133,371,8576
Eskilsby och Snugga,Härryda kommun,254,87,292,4334
Eskilstuna,Eskilstuna kommun,69 005,2 980,2 316,0740
Eslöv,Eslövs kommun,19 316,947,2 040,3396
Evertsberg,Älvdalens kommun,244,137,178,6500
Everöd,Kristianstads kommun,914,154,594,2864
Fagerhult,Habo kommun,319,78,409,5228
Fagerhult,Högsby kommun,241,86,280,2172
Fagerhult,Uddevalla kommun,496,126,394,4338
Fagersanna,Tibro kommun,676,201,336,5232
Fagersta,Fagersta kommun,12 025,860,1 398,6212
Fagerås,Kils kommun,423,72,588,5656
Falerum,Åtvidabergs kommun,230,79,291,1048
Falkenberg,Falkenbergs kommun,24 480,1 809,1 353,3920
Falköping,Falköpings kommun,17 675,890,1 986,5236
Falla,Finspångs kommun,450,65,692,1052
Falun,Falu kommun,38 039,2 516,1 512,6504
Fanbyn,Sundsvalls kommun,606,201,301,7462
Farhult,Höganäs kommun,318,95,335,2866
Fegen,Falkenbergs kommun,246,70,351,3924
Fellingsbro,Lindesbergs kommun,1 436,215,668,5928
Fengersfors,Åmåls kommun,337,78,432,4800
Figeholm,Oskarshamns kommun,837,107,782,2176
Filipstad,Filipstads kommun,6 334,592,1 070,5660
Filsbäck,Lidköpings kommun,667,107,623,5240
Finja,Hässleholms kommun,633,137,462,2868
Finkarby,Nykvarns kommun,202,57,354,0158
Finnerödja,Laxå kommun,595,112,531,5932
Finspång,Finspångs kommun,13 124,798,1 645,1056
Finsta,Norrtälje kommun,269,44,611,0164
Fiskebäckskil,Lysekils kommun,252,72,350,4340
Fisksätra,Nacka kommun,8 255,97,8 510,0156
Fjugesta,Lekebergs kommun,2 165,210,1 031,5936
Fjälkinge,Kristianstads kommun,1 892,186,1 017,2872
Fjällbacka,Tanums kommun,870,167,521,4344
Fjärdhundra,Enköpings kommun,919,112,821,0536
Fjärås kyrkby,Kungsbacka kommun,2 453,205,1 197,3928
Fjärås station,Kungsbacka kommun,216,67,322,3930
Flen,Flens kommun,6 829,467,1 462,0744
Fleninge,Helsingborgs kommun,210,52,404,2870
Flerohopp,Nybro kommun,217,51,425,2184
Fliseryd,Mönsterås kommun,733,138,531,2188
Floby,Falköpings kommun,1 610,225,716,5244
Dala-Floda,Gagnefs kommun,687,234,294,6460
Flurkmark,Umeå kommun,215,45,478,8174
Flygsfors,Nybro kommun,229,63,363,2192
Flyinge,Eslövs kommun,1 007,89,1 131,3400
Flädie,Lomma kommun,255,39,654,3402
Folkärna,Avesta kommun,280,148,189,6462
Fornåsa,Motala kommun,456,57,800,1060
Fors,Avesta kommun,773,144,537,6508
Forsbacka,Gävle kommun,1 767,188,940,7052
Forserum,Nässjö kommun,2 087,195,1 070,1468
Forshaga,Forshaga kommun,6 457,555,1 163,5664
Forsheda,Värnamo kommun,1 495,170,879,1472
Forssjö,Katrineholms kommun,510,75,680,0748
Forsvik,Karlsborgs kommun,335,83,404,5248
Fotö,Öckerö kommun,653,43,1 519,4348
Fredriksberg västra,Ludvika kommun,336,75,448,6512
Fredriksberg östra,Ludvika kommun,292,66,442,6514
Fredriksdal,Nässjö kommun,309,62,498,1476
Fredriksfors,Hudiksvalls kommun,225,87,259,7054
Freluga,Bollnäs kommun,201,62,324,7058
Fridlevstad,Karlskrona kommun,696,110,633,2620
Friggesund,Hudiksvalls kommun,548,78,703,7056
Frillesås,Kungsbacka kommun,3 092,474,652,3932
Frinnaryd,Aneby kommun,240,56,429,1480
Fristad,Borås kommun,5 502,731,753,4808
Fritsla,Marks kommun,2 456,318,772,4812
Främmestad,Essunga kommun,393,69,570,5250
Frändefors,Vänersborgs kommun,649,97,669,4820
Fränsta,Ånge kommun,2 091,609,343,7472
Frödinge,Vimmerby kommun,315,68,463,2196
Frösakull,Halmstads kommun,2 358,394,598,3934
Frövi,Lindesbergs kommun,2 469,252,980,5940
Funbo,Uppsala kommun,326,99,329,0538
Funäsdalen,Härjedalens kommun,963,257,375,7828
Furuby,Växjö kommun,376,61,616,1852
Furudal,Rättviks kommun,441,131,337,6516
Furulund,Kävlinge kommun,4 554,276,1 650,3408
Furusjö,Habo kommun,366,63,581,5252
Furuvik,Gävle kommun,731,143,511,7060
Fågelfors,Högsby kommun,446,137,326,2200
Fågelmara,Karlskrona kommun,392,85,461,2624
Fågelsta,Motala kommun,297,53,560,1064
Fågelvikshöjden,Värmdö kommun,2 323,580,401,0166
Fåker,Östersunds kommun,246,39,631,7830
Fårbo,Oskarshamns kommun,526,85,619,2204
Fårösund,Gotlands kommun,886,285,311,2504
Färgelanda,Färgelanda kommun,2 012,263,765,4828
Färila,Ljusdals kommun,1 413,315,449,7064
Färgens östra strand,Alingsås kommun,269,135,199,4634
Färjestaden,Mörbylånga kommun,5 767,660,874,2208
Färlöv,Kristianstads kommun,1 010,132,765,2876
Föllinge,Krokoms kommun,484,176,275,7836
Förslöv,Båstads kommun,2 400,274,876,2880
Gagnef,Gagnefs kommun,1 223,367,333,6528
Gamla Berget och Korsgården,Falu kommun,895,173,517,6458
Gamleby,Västerviks kommun,2 806,357,786,2212
Gammelgården,Kalix kommun,275,65,423,8578
Gammelstaden,Luleå kommun,4 952,551,899,8580
Gantofta,Helsingborgs kommun,1 344,98,1 371,3412
Garpenberg,Hedemora kommun,544,120,453,6532
Garphyttan,Örebro kommun,1 578,173,912,5944
Gemla,Växjö kommun,1 498,253,592,1856
Genarp,Lunds kommun,2 928,196,1 494,3416
Genevad,Laholms kommun,688,84,819,3936
Gessie Villastad,Vellinge kommun,519,54,961,3438
Gesunda,Mora kommun,254,184,138,6540
Getinge,Halmstads kommun,1 995,238,838,3940
Getterön,Varbergs kommun,301,113,266,3942
Gideå,Örnsköldsviks kommun,266,66,403,7476
Gimo,Östhammars kommun,2 771,331,837,0540
Gislaved,Gislaveds kommun,10 231,685,1 494,1484
Gissebo,Jönköpings kommun,225,86,262,1486
Gistad,Linköpings kommun,271,55,493,1068
Gladö kvarn,Huddinge kommun,660,141,468,0178
Glanshammar,Örebro kommun,769,112,687,5948
Glava,Arvika kommun,191,95,201,5672
Glemmingebro,Ystads kommun,424,55,771,3424
Glimåkra,Östra Göinge kommun,1 537,213,722,2884
Glommen,Falkenbergs kommun,1 180,240,492,3944
Glommersträsk,Arvidsjaurs kommun,212,90,236,8584
Glumslöv,Landskrona kommun,2 205,130,1 696,3428
Glömminge,Mörbylånga kommun,355,135,263,2214
Gnarp,Nordanstigs kommun,1 178,294,401,7068
Gnesta,Gnesta kommun,6 016,385,1 563,0752
Gnosjö,Gnosjö kommun,4 573,547,836,1488
Gonäs,Ludvika kommun,333,122,273,6544
Gottne,Örnsköldsviks kommun,194,56,346,7482
Granby,Sigtuna kommun,290,48,604,0188
Granö,Vindelns kommun,205,74,277,8188
Graversfors,Norrköpings kommun,564,150,376,1074
Grebbestad,Tanums kommun,1 914,495,387,4356
Grebo,Åtvidabergs kommun,1 074,115,934,1072
Grevie,Båstads kommun,975,204,478,2888
Grillby,Enköpings kommun,1 016,112,907,0544
Grimslöv,Alvesta kommun,613,85,721,1860
Grimstorp,Nässjö kommun,341,49,696,1492
Grimsås,Tranemo kommun,730,112,652,4832
Gripenberg,Tranås kommun,294,56,525,1496
Grisslehamn,Norrtälje kommun,415,447,93,0168
Gropen,Lekebergs kommun,213,80,266,6026
Grums,Grums kommun,5 033,511,985,5676
Grundsund,Lysekils kommun,660,141,468,4360
Grycksbo,Falu kommun,1 891,294,643,6552
Gryt,Valdemarsviks kommun,344,303,114,1076
Grytgöl,Finspångs kommun,307,86,357,1080
Grythyttan,Hällefors kommun,854,139,614,5952
Gråbo,Lerums kommun,6 343,547,1 160,4836
Gräddö,Norrtälje kommun,579,592,98,0206
Gräfsnäs,Alingsås kommun,399,100,399,4840
Grängesberg,Ludvika kommun,2 169,249,871,6556
Grängesberg västra,Ludvika kommun,1 063,154,690,6554
Gränna,Jönköpings kommun,2 666,187,1 426,1500
Gränum,Olofströms kommun,246,59,417,2628
Grästorp,Grästorps kommun,3 014,246,1 225,5260
Grödby,Nynäshamns kommun,558,104,537,0364
Gualöv,Bromölla kommun,519,85,611,2892
Gubbo,Smedjebackens kommun,207,74,280,6558
Gudhem,Falköpings kommun,435,41,1 061,5264
Gullbrandstorp,Halmstads kommun,1 685,142,1 187,3948
Gullbranna,Halmstads kommun,668,61,1 095,3952
Gulleråsen,Rättviks kommun,370,265,140,6560
Gullringen,Vimmerby kommun,516,127,406,2232
Gullspång,Gullspångs kommun,1 573,307,512,5268
Gundal och Högås,Kungsbacka kommun,653,167,391,3950
Gunnarskog,Arvika kommun,267,73,366,5680
Gunnebo,Västerviks kommun,1 044,139,751,2236
Gunsta,Uppsala kommun,620,92,674,0548
Gusselby,Lindesbergs kommun,307,81,379,5956
Gustavsberg,Värmdö kommun,22 513,1 404,1 603,0172
Gusum,Valdemarsviks kommun,1 171,127,922,1084
Gyttorp,Nora kommun,701,133,527,5960
Gånghester,Borås kommun,2 515,273,921,4848
Gårdby,Mörbylånga kommun,277,75,369,2240
Gårdskär,Älvkarleby kommun,356,122,292,0552
Gårdstånga,Eslövs kommun,382,45,849,3436
Gåvsta,Uppsala kommun,560,55,1 018,0556
Gäddede,Strömsunds kommun,307,78,394,7840
Gällivare,Gällivare kommun,10 417,863,1 207,8596
Gällstad,Ulricehamns kommun,546,96,569,4852
Gällö,Bräcke kommun,732,119,615,7844
Gängletorp,Karlskrona kommun,511,108,473,2630
Gärds Köpinge,Kristianstads kommun,924,113,818,2896
Gärsnäs,Simrishamns kommun,1 100,110,1 000,2900
Gävle,Gävle kommun,76 031,3 975,1 913,7076
Göta,Lilla Edets kommun,1 070,140,764,4856
Göteborg,Göteborgs kommun,590 580,21 513,2 745,4368
Götene,Götene kommun,5 076,497,1 021,5280
Götlunda,Arboga kommun,271,45,602,6220
Habo,Habo kommun,8 039,602,1 335,5284
Hackås,Bergs kommun,523,142,368,7848
Haga,Enköpings kommun,278,34,818,0558
Hagby,Kalmars kommun,821,274,300,2244
Hagfors,Hagfors kommun,4 896,634,772,5688
Hagge,Smedjebackens kommun,301,46,654,6566
Hagryd-Dala,Kungsbacka kommun,845,217,389,3954
Hakkas,Gällivare kommun,373,128,291,8600
Halla Heberg,Kungsbacka kommun,1 704,410,416,3956
Hallabro,Ronneby kommun,274,61,449,2632
Hallen,Åre kommun,224,90,249,7852
Hallsberg,Hallsbergs kommun,8 409,960,876,5964
Hallstahammar,Hallstahammars kommun,11 072,822,1 347,6224
Hallstavik,Norrtälje kommun,4 645,496,936,0176
Halltorp,Kalmars kommun,293,69,425,2248
Halmstad,Halmstads kommun,68 085,3 650,1 865,3960
Halvarsgårdarna,Borlänge kommun,314,72,436,6568
Hamburgsund,Tanums kommun,688,137,502,4372
Hammar,Askersunds kommun,260,64,406,5968
Hammar,Kristianstads kommun,3 219,322,1 000,2904
Hammarby,Sandvikens kommun,516,104,496,7084
Hammarslund,Kristianstads kommun,787,43,1 830,2906
Hammarstrand,Ragunda kommun,1 173,290,404,7856
Hammenhög,Simrishamns kommun,915,128,715,2908
Hammerdal,Strömsunds kommun,1 081,359,301,7860
Hampetorp,Örebro kommun,312,134,233,5974
Hanaskog,Östra Göinge kommun,1 408,148,951,2912
Haparanda,Haparanda kommun,6 681,593,1 127,8604
Hara,Östersunds kommun,235,105,224,7864
Harads,Bodens kommun,518,117,443,8608
Harbo,Heby kommun,763,124,615,6228
Hargshamn,Östhammars kommun,295,104,284,0560
Harkie,Västerås kommun,273,119,229,6260
Harkskär och Utvalnäs,Gävle kommun,440,146,301,7346
Harlösa,Eslövs kommun,768,94,817,3440
Harmånger,Nordanstigs kommun,595,108,551,7096
Harplinge,Halmstads kommun,1 553,144,1 078,3964
Hartungviken och Spikarna,Sundsvalls kommun,432,248,174,7486
Hassela,Nordanstigs kommun,317,90,352,7172
Hasselfors,Laxå kommun,407,97,420,5980
Hasslarp,Helsingborgs kommun,577,61,946,3444
Hasslö,Karlskrona kommun,1 645,363,453,2640
Hasslöv,Laholms kommun,249,53,470,3968
Havdhem,Gotlands kommun,263,95,277,2508
Haverdal,Halmstads kommun,1 720,353,487,3972
Heberg,Falkenbergs kommun,490,78,628,3976
Heby,Heby kommun,2 703,370,731,6232
Hedared,Borås kommun,324,76,426,4860
Hede,Härjedalens kommun,834,267,312,7868
Hedekas,Munkedals kommun,438,101,434,4380
Hedemora,Hedemora kommun,7 611,582,1 308,6572
Heden och Skansbacken,Vansbro kommun,365,205,178,6682
Hedenäset,Övertorneå kommun,217,138,157,8612
Hedeskoga,Ystads kommun,262,20,1 310,3448
Hedesunda,Gävle kommun,1 143,185,618,7104
Hedkärra,Fagersta kommun,197,55,358,6234
Hedlunda,Lycksele kommun,214,54,396,8194
Helgered,Göteborgs kommun,632,136,465,4382
Helsingborg,Helsingborgs kommun,108 334,3 957,2 738,3452
Hemavan,Storumans kommun,278,183,152,8198
Hemmingsmark,Piteå kommun,369,85,434,8616
Hemse,Gotlands kommun,1 701,213,799,2512
Hemsjö,Alingsås kommun,366,129,284,4386
Henån,Orust kommun,2 302,470,490,4384
Herrljunga,Herrljunga kommun,4 029,379,1 063,4864
Herrskog,Kramfors kommun,251,66,380,7488
Herräng,Norrtälje kommun,398,187,213,0184
Herstadberg,Norrköpings kommun,234,28,836,1088
Hestra,Gislaveds kommun,1 329,195,682,1504
Hestra,Ydre kommun,489,79,619,1092
Hillared,Svenljunga kommun,661,117,565,4868
Hillerstorp,Gnosjö kommun,1 790,242,740,1508
Hilleshögby,Ekerö kommun,222,76,292,0210
Hillsta och Se,Sandvikens kommun,280,69,406,7110
Himle,Varbergs kommun,286,50,572,3982
Hindås,Härryda kommun,3 019,493,612,4392
Hishult,Laholms kommun,352,96,367,3984
Hissjö,Umeå kommun,456,107,426,8196
Hissmofors,Krokoms kommun,332,110,302,7872
Hittarp,Helsingborgs kommun,4 704,232,2 028,3456
Hjo,Hjo kommun,6 264,497,1 260,5296
Hjorted,Västerviks kommun,340,65,523,2256
Hjortkvarn,Hallsbergs kommun,243,85,286,5984
Hjortnäs,Leksands kommun,278,198,140,6574
Hjortsberga,Alvesta kommun,248,61,407,1872
Hjälm,Kungsbacka kommun,270,33,818,3986
Hjälmared,Alingsås kommun,280,47,596,4870
Hjältevad,Eksjö kommun,412,110,375,1512
Hjärnarp,Ängelholms kommun,1 167,212,550,2916
Hjärsås,Östra Göinge kommun,202,28,721,2920
Hjärtum,Lilla Edets kommun,392,57,688,4872
Hjärup,Staffanstorps kommun,5 001,199,2 513,3460
Hofors,Hofors kommun,6 282,631,996,7112
Hofterup,Kävlinge kommun,3 846,487,790,3464
Hogstad,Mjölby kommun,220,44,500,1096
Hogstorp,Uddevalla kommun,393,61,644,4398
Hok,Vaggeryds kommun,675,89,758,1516
Holm,Halmstads kommun,798,113,706,3988
Holmeja,Svedala kommun,231,24,963,3466
Holmsjö,Karlskrona kommun,388,122,318,2644
Holmsund,Umeå kommun,6 028,752,802,8200
Holsbybrunn,Vetlanda kommun,820,121,678,1520
Holsljunga,Svenljunga kommun,224,40,560,4876
Horda,Värnamo kommun,372,72,517,1524
Horla,Vårgårda kommun,215,64,336,4402
Horn,Kinda kommun,537,93,577,1100
Horndal,Avesta kommun,1 199,268,447,6576
Horred,Marks kommun,1 225,156,785,4880
Hortlax,Piteå kommun,1 106,114,970,8620
Hoting,Strömsunds kommun,655,116,565,7876
Hova,Gullspångs kommun,1 283,185,694,5300
Hoverberg,Bergs kommun,220,151,146,7878
Hovid,Sundsvalls kommun,212,53,400,7492
Hovmantorp,Lessebo kommun,3 185,281,1 133,1876
Hovsta,Örebro kommun,2 789,158,1 765,5988
Huaröd,Kristianstads kommun,259,74,350,2924
Hudiksvall,Hudiksvalls kommun,16 210,1 299,1 248,7120
Hult,Eksjö kommun,468,60,780,1528
Hultafors,Bollebygds kommun,332,73,455,4884
Hultsfred,Hultsfreds kommun,5 839,552,1 058,2260
Hulu,Ulricehamns kommun,243,63,386,4888
Hummelsta,Enköpings kommun,974,76,1 282,0564
Hunnebostrand,Sotenäs kommun,2 070,362,572,4404
Hunnestad,Varbergs kommun,268,82,327,3994
Hurva,Eslövs kommun,371,64,580,3472
Husby och Tuna,Strängnäs kommun,281,161,175,0890
Husum,Örnsköldsviks kommun,1 585,394,402,7496
Hybo,Ljusdals kommun,211,50,422,7124
Hyllinge,Åstorps kommun,2 375,171,1 389,2928
Hyltebruk,Hylte kommun,4 224,466,906,3992
Hyssna,Marks kommun,684,171,400,4892
Håbo-Tibble kyrkby,Upplands-Bro kommun,664,162,410,0190
Håga,Uppsala kommun,312,30,1 040,0566
Håksberg,Ludvika kommun,443,67,661,6580
Hållsta,Eskilstuna kommun,909,100,909,0756
Hånger,Värnamo kommun,326,72,453,1532
Häggeby och Vreta,Håbo kommun,256,87,294,0570
Häggenås,Östersunds kommun,342,107,320,7880
Häljarp,Landskrona kommun,3 242,209,1 551,3476
Hällaryd,Karlshamns kommun,624,116,538,2648
Hällberga,Eskilstuna kommun,607,65,934,0760
Hällbybrunn,Eskilstuna kommun,3 261,286,1 140,0764
Hällbäcken och Sinksundet,Luleå kommun,379,64,592,8874
Hällefors,Hällefors kommun,4 567,534,855,5996
Hälleforsnäs,Flens kommun,1 671,216,774,0768
Hällekis,Götene kommun,674,159,424,5304
Hällestad,Finspångs kommun,332,99,335,1104
Hällesåker,Mölndals kommun,682,235,290,4410
Hällevadsholm,Munkedals kommun,804,116,693,4412
Hällevik,Sölvesborgs kommun,1 546,389,397,2652
Hällingsjö,Härryda kommun,493,96,514,4354
Hällnäs,Vindelns kommun,228,81,281,8204
Hälsö,Öckerö kommun,597,59,1 012,4420
Härad,Strängnäs kommun,503,60,838,0772
Häradsbygden,Leksands kommun,693,201,345,6584
Härnösand,Härnösands kommun,18 559,1 121,1 656,7500
Härryda,Härryda kommun,1 141,355,321,4424
Härslöv,Landskrona kommun,427,39,1 095,3484
Hässleholm,Hässleholms kommun,19 584,1 322,1 481,2936
Hästhagen,Nacka kommun,531,37,1 435,0192
Hästholmen,Ödeshögs kommun,334,47,711,1108
Hästveda,Hässleholms kommun,1 730,288,601,2940
Hästängen,Norrtälje kommun,694,230,302,0442
"Hätte, Seglarvik och Sandvik",Tranås kommun,233,70,333,1536
Höganäs,Höganäs kommun,15 156,1 011,1 499,3488
Högboda,Kils kommun,333,118,282,5730
Höggeröd,Orust kommun,238,190,125,4426
Högsby,Högsby kommun,1 961,260,754,2264
Högsjö,Vingåkers kommun,700,97,722,0776
Högsäter,Färgelanda kommun,742,112,663,4900
Hökerum,Ulricehamns kommun,647,86,752,4904
Hökåsen,Västerås kommun,2 989,180,1 661,6236
Hököpinge,Vellinge kommun,1 208,85,1 421,3492
Höllviken,Vellinge kommun,15 247,1 301,1 172,3496
Hölö,Södertälje kommun,1 522,168,906,0196
Hönö,Öckerö kommun,5 483,338,1 622,4428
Hörby,Hörby kommun,7 637,538,1 420,3500
Hörja,Hässleholms kommun,195,40,488,2946
Hörnefors,Umeå kommun,2 530,236,1 072,8208
Hörvik,Sölvesborgs kommun,785,107,734,2656
Höviksnäs,Tjörns kommun,1 893,400,473,4514
Höör,Höörs kommun,12 559,1 629,771,3504
Idkerberget,Borlänge kommun,243,77,316,6588
Idre,Älvdalens kommun,715,142,504,6592
Igelfors,Finspångs kommun,229,39,587,1116
Igelstorp,Skövde kommun,656,75,875,5308
Iggesund,Hudiksvalls kommun,3 443,436,790,7132
Ilsbo,Nordanstigs kommun,440,68,647,7136
Immeln,Östra Göinge kommun,306,113,271,2948
Indal,Sundsvalls kommun,972,244,398,7504
Ingared,Alingsås kommun,1 772,217,817,4908
Ingatorp,Eksjö kommun,481,110,437,1540
Ingelstad,Växjö kommun,1 825,199,917,1884
Ingelsträde,Höganäs kommun,257,44,584,3508
Innertavle,Umeå kommun,578,72,803,8210
Insjön,Leksands kommun,2 152,368,585,6596
Inskogen,Oxelösunds kommun,220,21,1 048,0778
Irsta,Västerås kommun,2 828,199,1 421,6356
Johannesudd,Vallentuna kommun,290,16,1 813,0202
Johannishus,Ronneby kommun,768,100,768,2660
Johansfors,Emmaboda kommun,457,139,329,2272
Jokkmokk,Jokkmokks kommun,2 870,276,1 040,8628
Jonsered,Partille kommun,909,108,842,4432
Jonslund,Essunga kommun,307,75,409,5312
Jonstorp,Höganäs kommun,2 026,192,1 055,3512
Jordbro,Haninge kommun,10 923,478,2 285,0200
Jukkasjärvi,Kiruna kommun,658,136,484,8632
Jung,Vara kommun,384,96,400,5316
Junosuando,Pajala kommun,288,141,204,8636
Junsele,Sollefteå kommun,821,226,363,7512
Juoksengi,Övertorneå kommun,303,151,201,8640
Jäderfors,Sandvikens kommun,318,63,505,7140
Jälla,Uppsala kommun,1 531,98,1 562,0514
Jämjö,Karlskrona kommun,2 609,298,876,2664
Jämshög,Olofströms kommun,1 640,235,698,2668
Jämtön,Luleå kommun,203,78,260,8644
Järavallen,Kävlinge kommun,259,32,809,2950
Järbo,Sandvikens kommun,1 796,293,613,7148
Järlåsa,Uppsala kommun,540,76,711,0568
Järna,Södertälje kommun,6 219,406,1 532,0204
Järna,Vansbro kommun,1 714,628,273,6468
Järnforsen,Hultsfreds kommun,481,142,339,2276
Järpen,Åre kommun,1 586,234,678,7884
Järpås,Lidköpings kommun,815,107,762,5320
Järvsö,Ljusdals kommun,1 562,365,428,7152
Jättendal,Nordanstigs kommun,251,107,235,7154
Jävre,Piteå kommun,582,166,351,8648
Jönköping,Jönköpings kommun,96 104,4 257,2 258,1544
Jönåker,Nyköpings kommun,624,80,780,0780
Jörlanda,Stenungsunds kommun,1 467,342,429,4436
Jörn,Skellefteå kommun,796,176,452,8212
Jössefors,Arvika kommun,733,132,555,5700
Kalix,Kalix kommun,7 480,662,1 130,8656
Kalkudden,Strängnäs kommun,274,181,151,0782
Kallax,Luleå kommun,466,180,259,8658
Kallfors,Södertälje kommun,558,55,1 015,0444
Kallinge,Ronneby kommun,4 871,554,879,2672
Kalmar,Kalmars kommun,39 403,1 960,2 010,2280
Kalvsund,Öckerö kommun,206,25,824,4434
Kangos,Pajala kommun,227,146,155,8660
Karby,Vallentuna kommun,856,55,1 556,0208
Kareby och Ringby,Kungälvs kommun,226,56,404,4458
Karesuando,Kiruna kommun,301,74,407,8664
Karlholmsbruk,Tierps kommun,1 247,285,438,0572
Karlsborg,Karlsborgs kommun,3 757,519,724,5324
Karlshamn,Karlshamns kommun,20 274,1 655,1 225,2676
Karlskoga,Karlskoga kommun,27 553,2 031,1 357,6008
Karlskrona,Karlskrona kommun,37 277,2 100,1 775,2680
Karlstad,Karlstads kommun,62 797,2 901,2 165,5704
Karlsvik,Luleå kommun,238,33,721,8670
Karungi,Haparanda kommun,209,61,343,8672
Karups sommarby,Sjöbo kommun,421,90,468,2952
Kastlösa,Mörbylånga kommun,210,103,204,2284
Katrinedal,Vänersborgs kommun,413,45,918,4330
Katrineholm,Katrineholms kommun,23 996,1 179,2 035,0784
Kattarp,Helsingborgs kommun,733,69,1 062,3516
Kaxholmen,Jönköpings kommun,1 642,152,1 080,1548
Kebal,Strömstads kommun,368,173,213,4439
Kil,Kils kommun,7 661,785,976,5708
Kil,Nacka kommun,979,90,1 088,0212
Kilafors,Bollnäs kommun,1 195,151,791,7156
Killeberg,Osby kommun,642,115,558,2956
Kilsmo,Örebro kommun,217,32,678,6012
Kimstad,Norrköpings kommun,1 489,170,876,1128
Kinna,Marks kommun,15 214,1 863,817,4912
Kinnared,Hylte kommun,344,109,316,3996
Kinnarp,Falköpings kommun,968,147,659,5328
Kinnarumma,Borås kommun,362,74,489,4916
Kiruna,Kiruna kommun,16 936,903,1 876,8676
Kisa,Kinda kommun,3 806,376,1 012,1132
Kivik,Simrishamns kommun,888,192,463,2960
Kjulaås,Eskilstuna kommun,945,115,822,0788
Klagstorp,Trelleborgs kommun,579,107,541,3528
Klevshult,Vaggeryds kommun,302,65,465,1552
Klingsta och Allsta,Sundsvalls kommun,567,172,330,7402
Klintehamn,Gotlands kommun,1 535,292,526,2520
Klippan,Klippans kommun,8 738,542,1 612,2964
Klippans bruk,Klippans kommun,338,48,704,2968
Klockestrand,Kramfors kommun,336,111,303,7516
Klockrike,Motala kommun,250,41,610,1136
Klutmark,Skellefteå kommun,200,72,278,8218
Klågerup,Svedala kommun,1 988,111,1 791,3532
Klädesholmen,Tjörns kommun,355,29,1 224,4440
Kläppa,Kungsbacka kommun,637,151,422,3998
Klässbol,Arvika kommun,312,93,335,5712
Klövedal,Tjörns kommun,586,268,219,4442
Klöverträsk,Luleå kommun,228,66,345,8680
Klövsjö,Bergs kommun,299,308,97,7886
Knislinge,Östra Göinge kommun,3 219,297,1 084,2972
Knivsta,Knivsta kommun,8 053,416,1 936,0576
Knutby,Uppsala kommun,694,122,569,0580
Knäred,Laholms kommun,1 297,293,443,4000
Kode,Kungälvs kommun,1 638,162,1 011,4444
Kolbäck,Hallstahammars kommun,2 027,213,952,6244
Kolsva,Köpings kommun,2 595,282,920,6248
Konga,Tingsryds kommun,488,100,488,1892
Kopparberg,Ljusnarsbergs kommun,3 096,506,612,6016
Kopparmora,Värmdö kommun,2 313,701,330,0214
Kopparnäs,Piteå kommun,215,70,307,8684
Koppom,Eda kommun,691,234,295,5716
Korpilombolo,Pajala kommun,522,111,470,8688
Korsberga,Hjo kommun,219,55,398,5332
Korsberga,Vetlanda kommun,734,116,633,1752
Korsträsk,Älvsbyns kommun,324,56,579,8692
Kortebo,Jönköpings kommun,864,111,778,1554
Koskullskulle,Gällivare kommun,821,117,702,8694
Kosta,Lessebo kommun,997,174,573,1896
Kovikshamn,Kungälvs kommun,498,220,226,4446
Koviksudde och Skeviksstrand,Värmdö kommun,316,92,343,0370
Kovland,Sundsvalls kommun,494,58,852,7520
Kramfors,Kramfors kommun,6 756,863,783,7524
Krika,Klippans kommun,209,54,387,3534
Kristdala,Oskarshamns kommun,1 028,181,568,2288
Kristevik och Sundsandsvik,Uddevalla kommun,386,142,272,4632
Kristianstad,Kristianstads kommun,40 653,2 141,1 899,2980
Kristinehamn,Kristinehamns kommun,18 829,1 401,1 344,5720
Kristvallabrunn,Nybro kommun,259,62,418,2292
Krokek,Norrköpings kommun,5 120,579,884,1140
Krokom,Krokoms kommun,1 925,160,1 203,7888
Krylbo,Avesta kommun,4 369,407,1 073,6602
Krägga,Håbo kommun,583,121,482,0584
Kränge,Linköpings kommun,266,52,512,1142
Kullersta,Eskilstuna kommun,395,248,159,0786
Kulltorp,Gnosjö kommun,341,55,620,1556
Kullö,Vaxholms kommun,906,41,2 210,0222
Kumla,Kumla kommun,16 825,1 121,1 501,6020
Kungsberga,Ekerö kommun,731,180,406,0218
Kungsgården,Sandvikens kommun,778,154,505,7168
Kungshamn,Sotenäs kommun,3 641,404,901,4448
Kungshult,Eslövs kommun,386,46,839,3540
Kungsängen,Upplands-Bro kommun,10 801,435,2 483,0220
Kungsäter,Varbergs kommun,390,95,411,4012
Kungsör,Kungsörs kommun,6 118,512,1 195,6256
Kungälv,Kungälvs kommun,24 386,1 462,1 668,4452
Kurland,Trelleborgs kommun,596,40,1 490,3538
Kurveröd,Uddevalla kommun,1 364,67,2 036,4454
Kusmark,Skellefteå kommun,468,121,387,8224
Kuttainen,Kiruna kommun,213,57,374,8704
Kvarsebo,Norrköpings kommun,200,75,267,1146
Kvegerö,Nyköpings kommun,223,210,106,0794
Kvibille,Halmstads kommun,928,98,947,4016
Kvicksund,Västerås kommun,2 212,467,474,0792
Kvidinge,Åstorps kommun,1 914,183,1 046,2984
Kvillsfors,Vetlanda kommun,500,92,543,1560
Kvissleby,Sundsvalls kommun,8 791,1 062,828,7532
Kvänum,Vara kommun,1 351,175,772,5336
Kvärlöv,Landskrona kommun,267,46,580,3542
Kyrkeby och Nereby,Kungälvs kommun,254,90,282,4376
Kyrkesund,Tjörns kommun,545,544,100,4460
Kyrkheddinge,Staffanstorps kommun,258,51,506,3543
Kyrkhult,Olofströms kommun,973,166,586,2684
Kyrksten,Storfors kommun,245,32,766,5722
Kåge,Skellefteå kommun,2 260,271,834,8228
Kågeröd,Svalövs kommun,1 541,179,861,3544
Kåhög,Partille kommun,886,54,1 641,4464
Kållekärr,Tjörns kommun,649,77,843,4468
Kånna,Ljungby kommun,345,47,734,1900
Kårsta,Vallentuna kommun,512,71,721,0224
Kälarne,Bräcke kommun,465,140,332,7896
Källby,Götene kommun,1 717,209,822,5340
Källhagen,Gävle kommun,502,56,896,7170
Källö-Knippla,Öckerö kommun,315,34,926,4476
Kärda,Värnamo kommun,341,45,758,1564
Kärna,Kungälvs kommun,793,81,979,4480
Kärsta,Västerås kommun,230,22,1 045,6266
Kättilsmåla,Karlskrona kommun,253,62,408,2686
Kättilstorp,Falköpings kommun,237,51,465,5344
Kävlinge,Kävlinge kommun,9 674,486,1 991,3552
Köinge,Falkenbergs kommun,223,49,455,4020
Köping,Köpings kommun,18 727,1 015,1 845,6268
Köpingebro,Ystads kommun,1 251,124,1 009,3556
Köpmanholmen,Örnsköldsviks kommun,1 204,231,521,7540
Lagan,Ljungby kommun,1 627,236,689,1904
Laggarberg,Timrå kommun,200,54,370,7544
Laggarsvik och Linanäs,Österåkers kommun,301,387,78,0270
Laholm,Laholms kommun,6 696,534,1 254,4028
Lammhult,Växjö kommun,1 785,186,960,1908
Landeryd,Hylte kommun,427,86,497,4032
Landfjärden,Nynäshamns kommun,263,128,205,0226
Landsbro,Vetlanda kommun,1 531,210,729,1568
Landskrona,Landskrona kommun,32 964,1 280,2 575,3560
Landvetter,Härryda kommun,9 000,877,1 026,4484
Lanesund och Överby,Uddevalla kommun,460,96,479,4482
Lanna,Värnamo kommun,361,101,357,1572
Larv,Vara kommun,244,79,309,5346
Latorpsbruk,Örebro kommun,741,123,602,6032
Laxvik,Halmstads kommun,503,65,774,4034
Laxå,Laxå kommun,3 139,419,749,6036
Lekeryd,Jönköpings kommun,777,78,996,1576
Leksand,Leksands kommun,6 265,947,662,6608
Lenhovda,Uppvidinge kommun,1 787,237,754,1912
Lerbäckshult,Ängelholms kommun,610,153,399,2986
Lerdala,Skövde kommun,556,143,389,5348
Lerum,Lerums kommun,27 508,2 455,1 120,4920
Lesjöfors,Filipstads kommun,847,176,481,5732
Lessebo,Lessebo kommun,3 024,339,892,1916
Liatorp,Älmhults kommun,567,89,637,1920
Lidatorp och Klövsta,Nynäshamns kommun,378,41,922,0254
Liden,Sundsvalls kommun,310,86,360,7548
Lidhult,Ljungby kommun,724,131,553,1924
Lidingö,Lidingö kommun,43 318,1 678,2 582,0228
Lidköping,Lidköpings kommun,23 282,1 282,1 816,5352
Lidköping norra,Lidköpings kommun,3 791,356,1 065,4486
Lilla Edet,Lilla Edets kommun,3 931,311,1 264,4924
Lilla Edet västra,Lilla Edets kommun,1 505,138,1 091,4490
Lilla Harrie,Kävlinge kommun,380,45,844,3568
Lilla Stenby,Ekerö kommun,288,93,310,0230
Lilla Tjärby,Laholms kommun,909,95,957,4036
Lillhaga,Ljusdals kommun,389,75,519,7178
Lillhärdal,Härjedalens kommun,397,232,171,7904
Lillkyrka,Enköpings kommun,316,43,735,0588
Lillpite,Piteå kommun,375,132,284,8720
Limedsforsen,Malung-Sälens kommun,373,258,145,6616
Limmared,Tranemo kommun,1 501,163,921,4928
Linderöd,Kristianstads kommun,483,108,447,2988
Lindesberg,Lindesbergs kommun,9 672,810,1 194,6040
Lindholmen,Vallentuna kommun,1 180,123,959,0232
Lindsdal,Kalmars kommun,5 905,403,1 465,2300
Lindö,Norrköpings kommun,4 946,291,1 700,1144
Lingbo,Ockelbo kommun,416,267,156,7180
Linghed,Falu kommun,548,175,313,6620
Linghem,Linköpings kommun,2 910,192,1 516,1148
Linköping,Linköpings kommun,110 233,3 777,2 919,1152
Linneryd,Tingsryds kommun,470,127,370,1932
Listerby,Ronneby kommun,987,210,470,2688
Lit,Östersunds kommun,1 137,133,855,7908
Ljung och Annelund,Herrljunga kommun,1 255,176,713,4712
Ljunga,Norrköpings kommun,724,94,770,1156
Ljungby,Ljungby kommun,16 037,1 224,1 310,1936
Ljungbyhed,Klippans kommun,2 140,365,586,2992
Ljungbyholm,Kalmars kommun,1 778,204,872,2304
Ljungsarp,Tranemo kommun,205,50,410,4936
Ljungsbro,Linköpings kommun,6 773,453,1 495,1160
Ljungskile,Uddevalla kommun,3 831,399,960,4492
Ljusdal,Ljusdals kommun,7 282,735,991,7184
Ljusfallshammar,Finspångs kommun,323,72,449,1164
Ljusne,Söderhamns kommun,1 868,317,589,7188
Ljusterö Nolsjö,Österåkers kommun,361,144,251,0334
Loftahammar,Västerviks kommun,439,129,340,2308
Lomma,Lomma kommun,13 016,594,2 191,3576
Los,Ljusdals kommun,353,159,222,7192
Lotorp,Finspångs kommun,683,95,719,1168
Lottefors,Bollnäs kommun,362,96,377,7196
Lucksta,Sundsvalls kommun,639,159,402,7560
Luddingsbo,Söderköpings kommun,225,58,388,1162
Ludvika,Ludvika kommun,15 715,1 114,1 411,6624
Lugnet och Skälsmara,Värmdö kommun,753,384,196,0314
Lugnås,Mariestads kommun,607,108,562,5356
Luleå,Luleå kommun,44 054,2 706,1 628,8724
Lund,Lunds kommun,91 086,2 630,3 463,3584
Lundby,Kungälvs kommun,226,52,435,4494
Lunde,Kramfors kommun,365,130,281,7568
Lundsbrunn,Götene kommun,882,129,684,5360
Lugnvik,Kramfors kommun,308,117,263,7564
Lunnarp,Tomelilla kommun,358,55,651,2996
Lunne,Östersunds kommun,269,127,212,7906
Lurudden,Ekerö kommun,226,57,396,0246
Lycksele,Lycksele kommun,8 622,727,1 186,8232
Lycksta,Västerås kommun,217,34,638,6262
Lyrestad,Mariestads kommun,490,70,700,5364
Lysekil,Lysekils kommun,7 840,471,1 665,4496
Lysvik,Sunne kommun,355,91,390,5744
Långared,Alingsås kommun,275,121,227,4502
Långasand och Ugglarp,Falkenbergs kommun,377,263,143,4048
Långasjö,Emmaboda kommun,338,81,417,2312
Långsele,Sollefteå kommun,1 685,247,682,7572
Långshyttan,Hedemora kommun,1 584,291,544,6632
Långvik,Värmdö kommun,1 231,301,409,0234
Långviksmon,Örnsköldsviks kommun,236,60,393,7576
Långås,Falkenbergs kommun,659,75,879,4040
Läby,Uppsala kommun,235,35,671,0590
Läckeby,Kalmars kommun,905,120,754,2316
Länghem,Tranemo kommun,1 126,142,793,4940
Länna,Uppsala kommun,714,111,643,0592
Läppe,Vingåkers kommun,243,136,179,0808
Lärbro,Gotlands kommun,426,75,568,2528
Löberöd,Eslövs kommun,1 218,139,876,3588
Löddeköpinge,Kävlinge kommun,6 575,396,1 660,3592
Löderup,Ystads kommun,653,88,742,3596
Lödöse,Lilla Edets kommun,1 813,180,1 007,4944
Lögdeå,Nordmalings kommun,531,181,293,8236
Lönsboda,Osby kommun,2 001,267,749,3000
Lörby,Sölvesborgs kommun,264,88,300,2692
Löttorp,Borgholms kommun,539,394,137,2324
Löwenströmska lasarettet,Upplands Väsby kommun,633,68,931,0236
Lövestad,Sjöbo kommun,657,106,620,3600
Lövstalöt,Uppsala kommun,1 440,92,1 565,0596
Lövånger,Skellefteå kommun,837,165,507,8240
Madängsholm,Tidaholms kommun,412,64,644,5368
Magra,Alingsås kommun,208,60,347,4530
Mala,Hässleholms kommun,221,81,273,3008
Malmberget västra,Gällivare kommun,1 638,188,871,8732
Malmberget östra,Gällivare kommun,1 329,93,1 429,8730
Malmbäck,Nässjö kommun,1 149,183,628,1584
Malmen,Västerås kommun,526,47,1 119,6270
Malmköping,Flens kommun,2 248,142,1 583,0796
Malmslätt,Linköpings kommun,5 036,273,1 845,1172
Malmö,Malmö kommun,312 012,7 706,4 049,3604
Malmön,Sotenäs kommun,270,106,255,4500
Malung,Malung-Sälens kommun,5 013,1 047,479,6636
Malungsfors,Malung-Sälens kommun,574,276,208,6640
Malå,Malå kommun,2 060,252,817,8244
Mantorp,Mjölby kommun,3 789,339,1 118,1176
Marbystrand,Norrköpings kommun,278,64,434,1178
Marbäck,Ulricehamns kommun,509,71,717,4948
Margretetorp,Ängelholms kommun,251,69,364,3010
Mariannelund,Eksjö kommun,1 658,228,727,1588
Marieby,Östersunds kommun,458,209,219,7910
Mariefred,Strängnäs kommun,4 001,271,1 476,0800
Marieholm,Eslövs kommun,1 645,138,1 192,3608
Marielund,Strängnäs kommun,567,36,1 575,0798
Marielund och Selknä,Uppsala kommun,306,128,239,0598
Mariestad,Mariestads kommun,16 249,1 134,1 433,5372
Markaryd,Markaryds kommun,4 743,553,858,1940
Marma,Älvkarleby kommun,317,50,634,0600
Marmaskogen,Söderhamns kommun,1 580,292,541,7212
Marmorbyn,Vingåkers kommun,376,53,709,0802
Marstrand,Kungälvs kommun,387,33,1 173,4504
Matfors,Sundsvalls kommun,3 430,465,738,7580
Medle,Skellefteå kommun,552,153,361,8248
Medåker,Arboga kommun,208,50,416,6272
Mehedeby,Tierps kommun,427,64,667,0604
Mellansel,Örnsköldsviks kommun,786,191,412,7584
Mellbystrand,Laholms kommun,3 641,831,438,4044
Mellerud,Melleruds kommun,3 908,319,1 225,4952
Mellösa,Flens kommun,502,82,612,0804
Merlänna,Strängnäs kommun,398,52,765,0806
Mjällby,Sölvesborgs kommun,1 371,226,607,2696
Mjällom,Kramfors kommun,217,109,199,7588
Mjöbäck,Svenljunga kommun,308,77,400,4956
Mjöhult,Höganäs kommun,327,43,760,3612
Mjölby,Mjölby kommun,13 206,869,1 520,1180
Mjönäs,Hagfors kommun,267,122,219,5752
Mockfjärd,Gagnefs kommun,1 996,379,527,6644
Mogata,Söderköpings kommun,298,45,662,1184
Mohed,Söderhamns kommun,523,186,281,7214
Moheda,Alvesta kommun,1 949,256,761,1944
Moholm,Töreboda kommun,636,103,617,5376
Moliden,Örnsköldsviks kommun,303,67,452,7592
Molkom,Karlstads kommun,1 888,250,755,5756
Mollösund,Orust kommun,229,118,194,4508
Mora,Mora kommun,12 789,1 714,746,6648
Morgongåva,Heby kommun,1 464,148,989,6276
Morup,Falkenbergs kommun,327,87,376,4052
Motala,Motala kommun,31 323,2 024,1 548,1188
Mullhyttan,Lekebergs kommun,525,147,357,6056
Mullsjö,Mullsjö kommun,5 704,537,1 062,5380
Munga,Västerås kommun,265,99,268,6278
Munka-Ljungby,Ängelholms kommun,3 242,297,1 092,3012
Munkedal,Munkedals kommun,3 990,536,744,4512
Munkfors,Munkfors kommun,2 943,603,488,5760
Munktorp,Köpings kommun,452,95,476,6280
Muskö,Haninge kommun,268,65,412,0238
Myckle,Skellefteå kommun,421,106,397,8252
Myggenäs,Tjörns kommun,1 473,218,676,4516
Myresjö,Vetlanda kommun,733,115,637,1600
Myrviken,Bergs kommun,307,101,304,7912
Målilla,Hultsfreds kommun,1 419,320,443,2336
Målsta,Östersunds kommun,211,69,306,7914
Månkarbo,Tierps kommun,671,102,658,0608
Måttsund,Luleå kommun,596,126,473,8752
Märsta,Sigtuna kommun,28 445,668,4 258,0240
Möklinta,Sala kommun,327,86,380,6284
Mölle,Höganäs kommun,613,86,713,3616
Mölltorp,Karlsborgs kommun,1 085,148,733,5384
Mölnbo,Södertälje kommun,1 075,151,712,0244
Mölnlycke,Härryda kommun,17 802,1 191,1 495,4520
Mönsterås,Mönsterås kommun,5 201,495,1 051,2340
Mörarp,Helsingborgs kommun,1 920,127,1 512,3620
Mörbylånga,Mörbylånga kommun,1 841,228,807,2344
Mörlunda,Hultsfreds kommun,863,237,364,2348
Mörrum,Karlshamns kommun,3 998,462,865,2700
Mörsil,Åre kommun,821,133,617,7916
Nedansjö,Sundsvalls kommun,297,96,309,7596
Nedre Gärdsjö,Rättviks kommun,368,187,197,6660
Nibble,Södertälje kommun,252,46,548,0344
Nikkala,Haparanda kommun,418,115,363,8768
Nissafors,Gnosjö kommun,312,50,624,1604
Nitta,Ulricehamns kommun,359,51,704,4968
Njutånger,Hudiksvalls kommun,844,170,496,7216
Nolvik,Göteborgs kommun,1 422,185,769,4522
Nora,Nora kommun,6 728,601,1 119,6060
Norberg,Norbergs kommun,4 630,675,686,6292
Nordanö,Avesta kommun,436,47,928,6664
Nordingrå,Kramfors kommun,270,64,422,7604
Nordkroken,Vänersborgs kommun,459,72,638,4974
Nordmaling,Nordmalings kommun,2 650,297,892,8256
Nordvära och Källstorp,Varbergs kommun,246,120,205,4024
Nordöstra Göteborg,Göteborgs kommun,45 925,1 059,4 337,4364
Norje,Sölvesborgs kommun,833,291,286,2708
Norr Amsberg,Borlänge kommun,239,70,341,6666
Norra Bro,Örebro kommun,906,147,616,6064
Norra Ingaröstrand och Skälsmara,Värmdö kommun,805,454,177,0198
Norra Lagnö,Värmdö kommun,357,95,376,0250
Norra Muskö,Haninge kommun,226,456,50,0258
Norra Riksten,Botkyrka kommun,2 472,56,4 414,0282
Norra Rörum,Höörs kommun,213,47,453,3622
Norra Vindö,Värmdö kommun,268,495,54,0440
Norra Visby,Gotlands kommun,663,143,464,2506
Norrbo och Västansjö,Ludvika kommun,283,212,133,6842
Norrfjärden,Piteå kommun,1 593,251,635,8776
Norr-Hede,Härjedalens kommun,233,82,284,7920
Norrhult-Klavreström,Uppvidinge kommun,1 223,279,438,1948
Norrköping,Norrköpings kommun,96 658,3 668,2 635,1192
Norrmjöle,Umeå kommun,214,146,147,8260
Norrsundet,Gävle kommun,1 034,256,404,7228
Norrtälje,Norrtälje kommun,20 322,995,2 042,0252
Norsbron,Karlstads kommun,203,52,390,5766
Norsholm,Norrköpings kommun,552,53,1 042,1196
Norsjö,Norsjö kommun,2 039,252,809,8268
Nossebro,Essunga kommun,1 929,187,1 032,5388
Nusnäs,Mora kommun,775,304,255,6672
Nya Långenäs,Härryda kommun,348,33,1 055,4526
Nyborg,Kalix kommun,817,189,432,8928
Nybro,Nybro kommun,13 470,1 077,1 251,2352
Nybrostrand,Ystads kommun,1 119,129,867,3632
Nye,Vetlanda kommun,206,56,368,1606
Nyehusen,Kristianstads kommun,291,238,122,3018
Nygård,Lilla Edets kommun,498,102,488,4978
Nyhagen och Översättra,Österåkers kommun,627,76,825,0306
Nyhammar,Ludvika kommun,1 065,245,435,6676
Nykil,Linköpings kommun,309,46,672,1200
Nykroppa,Filipstads kommun,809,190,426,5772
Nykvarn,Nykvarns kommun,7 560,560,1 350,0260
Nykyrka,Motala kommun,393,55,715,1204
Nyköping,Nyköpings kommun,32 759,1 490,2 199,0812
Nyland,Kramfors kommun,871,183,476,7616
Nymölla,Bromölla kommun,269,144,187,3020
Nynäshamn,Nynäshamns kommun,14 792,711,2 080,0264
Nysättra,Norrtälje kommun,274,139,197,0346
Nås,Vansbro kommun,186,112,166,6680
Nälden,Krokoms kommun,977,131,746,7932
Näs bruk,Avesta kommun,203,73,278,6684
Nässjö,Nässjö kommun,18 232,1 134,1 608,1608
Näsum,Bromölla kommun,1 332,244,546,3024
Näsviken,Hudiksvalls kommun,920,183,503,7232
Näsviken,Strömsunds kommun,221,82,270,7934
Näsåker,Sollefteå kommun,534,137,390,7620
Nättraby,Karlskrona kommun,3 261,344,948,2712
Nävekvarn,Nyköpings kommun,757,112,676,0816
Nävragöl,Karlskrona kommun,221,43,514,2716
Nöbbele,Växjö kommun,272,53,513,1952
Nödinge-Nol,Ale kommun,11 297,852,1 326,4976
Obbola,Umeå kommun,2 181,229,952,8280
Ockelbo,Ockelbo kommun,2 946,441,668,7236
Odensbacken,Örebro kommun,1 333,157,849,6076
Odensberg,Falköpings kommun,288,44,655,5392
Oknö,Mönsterås kommun,400,134,299,2354
Oleby,Torsby kommun,359,126,285,5780
Olofstorp,Göteborgs kommun,3 995,335,1 193,4528
Olofström,Olofströms kommun,7 773,669,1 162,2720
Olsfors,Bollebygds kommun,632,73,866,4984
Olshammar,Askersunds kommun,261,80,326,6080
Onsala,Kungsbacka kommun,12 363,1 323,934,4054
Onslunda,Tomelilla kommun,507,58,874,3028
Ormaryd,Nässjö kommun,206,63,327,1614
Ornäs,Borlänge kommun,1 085,123,882,6692
Orrefors,Nybro kommun,853,129,661,2356
Orrhammar,Flens kommun,254,110,231,0822
Orrviken,Östersunds kommun,297,73,407,7938
Orsa,Orsa kommun,5 472,1 517,361,6696
Osby,Osby kommun,7 667,938,817,3032
Osbyholm,Hörby kommun,308,44,700,3636
Oskarshamn,Oskarshamns kommun,18 543,1 473,1 259,2360
Oskarström,Halmstads kommun,4 270,340,1 256,4056
Ostvik,Skellefteå kommun,540,139,388,8284
Otterbäcken,Gullspångs kommun,686,116,591,5396
Oxelösund,Oxelösunds kommun,11 455,1 160,988,0820
Oxie,Malmö kommun,12 840,553,2 322,3640
Oxnö och Svärdsö,Nynäshamns kommun,302,388,78,0386
Pajala,Pajala kommun,2 065,312,662,8780
Parksidan,Ekerö kommun,974,63,1 546,0182
Pauliström,Vetlanda kommun,262,60,437,1620
Persberg,Filipstads kommun,243,71,342,5784
Pershagen,Södertälje kommun,2 201,106,2 076,0272
Perstorp,Perstorps kommun,5 967,576,1 036,3036
Persön,Luleå kommun,216,61,354,8788
Pilgrimstad,Bräcke kommun,399,78,512,7944
Piperskärr,Västerviks kommun,595,97,613,2364
Piteå,Piteå kommun,23 273,2 352,989,8792
Porjus,Jokkmokks kommun,230,45,511,8796
Prästängen,Arvika kommun,464,28,1 657,5786
Pukavik,Sölvesborgs kommun,350,116,302,2724
Påarp,Helsingborgs kommun,2 956,234,1 263,3644
Pålsboda,Hallsbergs kommun,1 668,157,1 062,6088
Påläng,Kalix kommun,222,73,304,8804
Påryd,Kalmars kommun,710,125,568,2368
Påskallavik,Oskarshamns kommun,1 075,117,919,2372
Rabbalshede,Tanums kommun,288,73,395,4532
Ramdala,Karlskrona kommun,278,76,366,2728
Ramnäs,Surahammars kommun,1 356,163,832,6296
Ramsberg,Lindesbergs kommun,210,113,186,6092
Ramsele,Sollefteå kommun,890,215,414,7628
Ramstalund,Uppsala kommun,336,30,1 120,0606
Ramvik,Härnösands kommun,440,70,629,7632
Ransta,Sala kommun,868,110,789,6300
Rappestad,Linköpings kommun,248,41,605,1212
Reftele,Gislaveds kommun,1 327,186,713,1624
Rejmyre,Finspångs kommun,879,129,681,1216
Rengsjö,Bollnäs kommun,244,57,428,7252
Repbäcken,Borlänge kommun,236,87,271,6704
Resarö,Vaxholms kommun,3 300,349,946,0276
Revingeby,Lunds kommun,537,66,814,3648
Riala,Norrtälje kommun,342,123,278,0278
Riddarhyttan,Skinnskattebergs k.,310,75,413,6304
Rimbo,Norrtälje kommun,4 923,345,1 427,0280
Rimforsa,Kinda kommun,2 237,273,819,1220
Rindö,Vaxholms kommun,1 154,164,704,0268
Ringarum,Valdemarsviks kommun,613,121,507,1224
Rinkaby,Kristianstads kommun,765,126,607,3040
Rinkabyholm,Kalmars kommun,1 638,132,1 241,2376
Risby,Kungälvs kommun,231,76,304,4536
Rishammar,Kungälvs kommun,339,49,692,4438
Risögrund,Kalix kommun,602,84,717,8812
Robertsfors,Robertsfors kommun,2 021,213,949,8292
Robertsholm,Hofors kommun,413,49,843,7254
Rockhammar,Lindesbergs kommun,262,67,391,6096
Rockneby,Kalmars kommun,913,175,522,2380
Roknäs,Piteå kommun,1 272,321,396,8816
Rolfs,Kalix kommun,1 003,215,467,8820
Rolfstorp,Varbergs kommun,533,92,579,4060
Romakloster,Gotlands kommun,1 202,228,527,2532
Romme,Borlänge kommun,1 695,444,382,6706
Ronneby,Ronneby kommun,13 076,821,1 593,2732
Ronnebyhamn,Ronneby kommun,751,197,381,2734
Rosenfors,Hultsfreds kommun,350,73,479,2384
Rosenlund,Tranemo kommun,312,38,821,4988
Rosersberg,Sigtuna kommun,1 826,268,681,0284
Rossön,Strömsunds kommun,348,186,187,7948
Rosvik,Piteå kommun,1 873,319,587,8824
Rot,Älvdalens kommun,638,254,251,6708
Roteberg,Ovanåkers kommun,377,87,433,7256
Rottne,Växjö kommun,2 427,193,1 258,1956
Rottneros,Sunne kommun,398,120,332,5788
Rud,Hammarö kommun,220,69,319,5790
Ruda,Högsby kommun,734,127,578,2388
Rundvik,Nordmalings kommun,794,171,464,8296
Runemo,Ovanåkers kommun,260,79,329,7258
Runtuna,Nyköpings kommun,255,44,580,0828
Rusksele,Lycksele kommun,209,70,299,8300
Rutvik,Luleå kommun,875,91,962,8828
Rya,Härryda kommun,386,95,406,4542
Ryd,Alingsås kommun,219,73,300,4538
Ryd,Jönköpings kommun,209,58,360,1628
Ryd,Tingsryds kommun,1 525,224,681,1960
Rydaholm,Värnamo kommun,1 643,171,961,1632
Rydal,Marks kommun,415,69,601,4992
Rydbo,Österåkers kommun,578,41,1 410,0292
Rydboholm,Borås kommun,990,116,853,4996
Rydebäck,Helsingborgs kommun,6 270,309,2 029,3652
Rydsgård,Skurups kommun,1 384,153,905,3656
Rydsnäs,Ydre kommun,302,86,351,1228
Rydöbruk,Hylte kommun,406,83,489,4068
Rynge och Vallösa,Ystads kommun,204,114,179,3138
Ryssby,Ljungby kommun,736,133,553,1964
Råby,Håbo kommun,895,104,861,0618
Råda,Hagfors kommun,452,105,430,5792
Råneå,Luleå kommun,2 070,242,855,8832
Rångedala,Borås kommun,418,112,373,5000
Rånnaväg,Ulricehamns kommun,341,50,682,5004
Rånäs,Norrtälje kommun,420,48,875,0294
Råtorp,Karlstads kommun,3 333,126,2 645,5794
Rälla,Borgholms kommun,424,102,416,2266
Ränneslöv,Laholms kommun,452,87,520,4072
Rätan,Bergs kommun,203,83,245,7924
Rättarboda,Upplands-Bro kommun,339,46,737,0286
Rättvik,Rättviks kommun,5 157,1 232,419,6716
Rävemåla,Tingsryds kommun,322,79,408,1968
Rävlanda,Härryda kommun,1 566,161,973,4544
Röbäck,Umeå kommun,2 487,252,987,8304
Röda holme,Kungsbacka kommun,683,199,343,3898
Rödeby,Karlskrona kommun,3 543,377,940,2736
Rödån,Habo kommun,267,122,219,1534
Röke,Hässleholms kommun,209,78,268,3044
Rönneshytta,Askersunds kommun,276,71,389,6104
Rönnäng,Tjörns kommun,1 532,250,613,4548
Rörtången och Ödsmåls mosse,Kungälvs kommun,458,167,274,4652
Rörvik,Sävsjö kommun,563,118,477,1636
Rörö,Öckerö kommun,243,57,426,4552
Röstånga,Svalövs kommun,937,137,684,3660
Sala,Sala kommun,13 531,1 166,1 160,6312
Salbohed,Sala kommun,247,75,329,6316
Saleby,Lidköpings kommun,210,50,420,5404
Saltsjöbaden,Nacka kommun,9 521,524,1 817,0296
Sandared,Borås kommun,6 975,968,721,5008
Sandarne,Söderhamns kommun,1 707,301,567,7268
Sandhem,Mullsjö kommun,691,108,640,5408
Sandhult,Borås kommun,569,59,964,5012
Sandskogen,Kävlinge kommun,713,73,977,3662
Sandslån,Kramfors kommun,327,142,230,7636
Sandudden och Hörks hage,Ludvika kommun,196,60,327,6586
Sandviken,Sandvikens kommun,25 577,1 759,1 454,7272
Sandviken,Södertälje kommun,421,151,279,0310
Sangis,Kalix kommun,544,222,245,8836
Sankt Olof,Simrishamns kommun,707,115,615,3048
Saxdalen,Ludvika kommun,633,181,350,6720
Saxtorpsskogen,Landskrona kommun,1 230,205,600,3718
Saxnäs,Mörbylånga kommun,352,114,309,2396
Segersta,Bollnäs kommun,353,165,214,7276
Segersäng,Nynäshamns kommun,753,83,907,0330
Segmon,Grums kommun,423,87,486,5796
Selja,Mora kommun,558,143,390,6724
Selånger,Sundsvalls kommun,327,111,295,7642
Sennan,Halmstads kommun,377,73,516,4076
Seskarö,Haparanda kommun,404,100,404,8840
Sexdrega,Svenljunga kommun,802,123,652,5016
Sibbhult,Östra Göinge kommun,1 547,161,961,3052
Sibble,Botkyrka kommun,367,94,390,0298
Sibo,Bollnäs kommun,274,129,212,7280
Sidensjö,Örnsköldsviks kommun,379,128,296,7644
Sifferbo,Gagnefs kommun,418,79,529,6728
Signehög och Norrmannebo,Kungälvs kommun,236,96,246,4558
Sigtuna,Sigtuna kommun,9 312,532,1 750,0300
Siljansnäs,Leksands kommun,1 294,466,278,6732
Silverdalen,Hultsfreds kommun,720,125,576,2400
Simlångsdalen,Halmstads kommun,665,109,610,4080
Simonstorp,Norrköpings kommun,236,45,524,1232
Simrishamn,Simrishamns kommun,6 923,478,1 448,3060
Sjuhalla,Karlskrona kommun,231,66,350,2742
Sjulsmark,Piteå kommun,345,73,473,8846
Sjunnen,Vetlanda kommun,404,52,777,1644
Sjunnerup,Höörs kommun,264,146,181,3064
Sjuntorp,Trollhättans kommun,2 160,277,780,5020
Själsö,Gotlands kommun,415,228,182,2538
Sjöbo,Sjöbo kommun,8 226,770,1 068,3664
Sjögestad,Linköpings kommun,318,52,612,1236
Sjörröd,Hässleholms kommun,1 229,166,740,3062
Sjösa,Nyköpings kommun,464,63,737,0832
Sjöskogen och Strand,Uddevalla kommun,460,165,279,4626
Sjötorp,Mariestads kommun,435,92,473,5412
Sjövik,Lerums kommun,1 038,97,1 070,5032
Skanör med Falsterbo,Vellinge kommun,7 398,579,1 278,3672
Skara,Skara kommun,11 652,839,1 389,5420
Skarpö,Vaxholms kommun,289,103,281,0446
Skattkärr,Karlstads kommun,1 982,170,1 166,5800
Skattungbyn,Orsa kommun,309,227,136,6736
Skavkulla och Skillingenäs,Karlskrona kommun,825,161,512,2738
Skebobruk,Norrtälje kommun,236,92,257,0308
Skebokvarn,Flens kommun,207,65,318,0836
Skeda udde,Linköpings kommun,411,37,1 111,1238
Skedala,Halmstads kommun,348,45,773,4084
Skede,Vetlanda kommun,298,86,347,1648
Skedvi kyrkby,Säters kommun,412,77,535,6764
Skee,Strömstads kommun,769,115,669,4556
Skegrie,Trelleborgs kommun,1 171,79,1 482,3676
Skelleftehamn,Skellefteå kommun,3 097,251,1 234,8308
Skellefteå,Skellefteå kommun,35 852,2 482,1 444,8312
Skepplanda,Ale kommun,1 838,152,1 209,5036
Skeppshult,Gislaveds kommun,382,98,390,1652
Skeppsvik,Nyköpings kommun,228,143,159,0838
Skiftinge,Eskilstuna kommun,5 021,190,2 643,0842
Skillingaryd,Vaggeryds kommun,4 007,390,1 027,1656
Skillinge,Simrishamns kommun,974,230,423,3072
Skinnskatteberg,Skinnskattebergs k.,2 333,270,864,6320
Skivarp,Skurups kommun,1 328,166,800,3680
Skoby,Östhammars kommun,247,59,419,0614
Skoghall,Hammarö kommun,13 975,1 119,1 249,5804
Skogsby,Mörbylånga kommun,958,264,363,2404
Skottorp,Laholms kommun,535,88,608,4092
Skrea,Falkenbergs kommun,2 038,276,738,4096
Skruv,Lessebo kommun,603,120,503,1976
Skultorp,Skövde kommun,3 706,286,1 296,5424
Skultuna,Västerås kommun,3 281,206,1 593,6324
Skumparp,Malmö kommun,238,23,1 035,3682
Skurup,Skurups kommun,8 312,578,1 438,3684
Skutskär,Älvkarleby kommun,6 375,802,795,0616
Skyttorp,Uppsala kommun,652,102,639,0620
Skålö,Vansbro kommun,327,246,133,6738
Skånes-Fagerhult,Örkelljunga kommun,948,220,431,3080
Skåne-Tranås,Tomelilla kommun,236,67,352,3074
Skåpafors,Bengtsfors kommun,353,120,294,5040
Skåre,Karlstads kommun,5 469,411,1 331,5808
Skällinge,Varbergs kommun,641,75,855,4100
Skänninge,Mjölby kommun,3 391,303,1 119,1244
Skärblacka,Norrköpings kommun,4 029,418,964,1248
Skärhamn,Tjörns kommun,3 563,513,695,4560
Skärplinge,Tierps kommun,728,110,662,0624
Skärstad,Jönköpings kommun,458,47,974,1660
Sköldinge,Katrineholms kommun,600,115,522,0844
Sköllersta,Hallsbergs kommun,1 091,147,742,6112
Skölsta,Uppsala kommun,408,51,800,0622
Skörby,Håbo kommun,1 178,67,1 758,0630
Skövde,Skövde kommun,37 615,2 211,1 701,5428
Slaka,Linköpings kommun,593,113,525,1252
Slite,Gotlands kommun,1 006,152,662,2536
Slite norra,Gotlands kommun,517,72,718,2564
Slottsbron,Grums kommun,1 054,142,742,5810
Slottsskogen,Håbo kommun,1 593,165,965,0626
Slätthult,Lerums kommun,233,64,364,4582
Slöinge,Falkenbergs kommun,1 023,127,806,4104
Smedby,Kalmars kommun,3 680,238,1 546,2408
Smedjebacken,Smedjebackens kommun,5 287,785,674,6744
Smedseröd,Uddevalla kommun,259,28,925,4586
Smedstorp,Tomelilla kommun,376,87,432,3084
Smygehamn,Trelleborgs kommun,1 296,130,997,3688
Smålandsstenar,Gislaveds kommun,4 648,516,901,1664
Smögen,Sotenäs kommun,1 291,115,1 123,4564
Snogeröd,Höörs kommun,206,36,572,3690
Snöveltorp,Söderköpings kommun,454,80,568,1170
Solberga,Kungälvs kommun,224,74,303,4614
Solberga,Nässjö kommun,370,76,487,1668
Solberga,Österåkers kommun,454,113,402,0302
Sollebrunn,Alingsås kommun,1 517,191,794,5044
Sollefteå,Sollefteå kommun,7 543,801,942,7660
Sollefteå norra,Sollefteå kommun,1 357,164,827,7662
Sollerön,Mora kommun,873,272,321,6748
Solvarbo,Säters kommun,303,70,433,6752
Sommen,Tranås kommun,807,112,721,1672
Sonstorp,Finspångs kommun,438,73,600,1256
Sorsele,Sorsele kommun,1 191,192,620,8316
Sorunda,Nynäshamns kommun,1 292,118,1 095,0320
Sparreholm,Flens kommun,732,114,642,0848
Spekeröd,Stenungsunds kommun,210,99,212,4618
Spillersboda,Norrtälje kommun,479,404,119,0322
Spjutsbygd,Karlskrona kommun,396,64,619,2744
Spjutstorp,Tomelilla kommun,202,39,518,3088
Spjälkö och Saxemara,Ronneby kommun,432,210,206,2746
Spångsholm,Mjölby kommun,355,49,724,1260
Spånlöt,Österåkers kommun,482,23,2 096,0448
Staffanstorp,Staffanstorps kommun,15 644,838,1 867,3696
Stallarholmen,Strängnäs kommun,1 720,222,775,0852
Stare,Strömstads kommun,197,37,532,4620
Stava,Österåkers kommun,383,111,345,0326
Stavreviken,Timrå kommun,217,21,1 033,7668
Stavsjö,Nyköpings kommun,219,30,730,0854
Stavsnäs,Värmdö kommun,1 871,981,191,0324
Stehag,Eslövs kommun,1 218,99,1 230,3700
Stenared,Göteborgs kommun,412,99,416,4574
Stenhamra,Ekerö kommun,3 624,343,1 057,0328
Steninge,Halmstads kommun,1 120,331,338,4106
Steningehöjden,Sigtuna kommun,1 273,39,3 264,0380
Stenis,Mora kommun,367,141,260,6844
Stennäset,Falu kommun,655,56,1 170,6766
Stensele,Storumans kommun,507,107,474,8320
Stensjön,Nässjö kommun,241,80,301,1676
Stenstorp,Falköpings kommun,1 805,169,1 068,5436
Stenungsund,Stenungsunds kommun,13 578,1 225,1 108,4568
Stenungsön,Stenungsunds kommun,253,69,367,4578
Stenåsen,Kils kommun,484,27,1 793,5814
Sticklinge udde,Lidingö kommun,3 050,127,2 402,0332
Stigen,Färgelanda kommun,468,82,571,5048
Stigtomta,Nyköpings kommun,1 957,179,1 093,0856
Stilleryd,Karlshamns kommun,345,180,192,2750
Stjärnhov,Gnesta kommun,572,112,511,0860
Stoby,Hässleholms kommun,800,98,816,3096
Stocka,Nordanstigs kommun,357,95,376,7292
Stockamöllan,Eslövs kommun,306,44,695,3704
Stockaryd,Sävsjö kommun,1 076,159,677,1680
Stockholm,Stockholms kommun,1 562 136,41 401,3 773,0336
Stockvik,Sundsvalls kommun,2 496,142,1 758,7670
Stora Bugärde,Härryda kommun,408,117,349,4570
Stora Dyrön,Tjörns kommun,201,31,648,4572
Stora Herrestad,Ystads kommun,331,67,494,3708
Stora Höga,Stenungsunds kommun,2 867,278,1 031,4576
Stora Levene,Vara kommun,818,129,634,5440
Stora Mellby,Alingsås kommun,347,73,475,5052
Stora Mellösa,Örebro kommun,793,102,777,6116
Stora Rör,Borgholms kommun,199,118,169,2410
Stora Vika,Nynäshamns kommun,741,51,1 453,0340
Storebro,Vimmerby kommun,1 054,149,707,2412
Storfors,Storfors kommun,2 260,290,779,5812
Storuman,Storumans kommun,2 173,259,839,8324
Storvik,Sandvikens kommun,2 246,273,823,7296
Storvreta,Uppsala kommun,6 343,314,2 020,0628
Storå,Lindesbergs kommun,1 936,476,407,6120
"Strandskogen, Restenäs och Ulvesund",Uddevalla kommun,488,226,216,4534
Striberg,Nora kommun,314,66,476,6124
Strålsnäs,Boxholms kommun,436,85,513,1264
Strångsjö,Katrineholms kommun,346,53,653,0864
Stråssa,Lindesbergs kommun,308,54,570,6128
Strängnäs,Strängnäs kommun,14 168,719,1 971,0868
Strömma,Värmdö kommun,2 535,710,357,0342
Strömsbruk,Nordanstigs kommun,363,92,395,7304
Strömsholm,Hallstahammars kommun,688,133,517,6328
Strömsnäsbruk,Markaryds kommun,2 398,339,707,1980
Strömstad,Strömstads kommun,7 370,466,1 582,4584
Strömsund,Strömsunds kommun,3 714,392,947,7960
Strövelstorp,Ängelholms kommun,1 256,143,878,3100
Stugun,Ragunda kommun,620,108,574,7964
Sturefors,Linköpings kommun,2 403,147,1 635,1272
Sturkö,Karlskrona kommun,1 320,677,195,2740
Styrsö,Göteborgs kommun,1 328,178,746,4588
Stånga,Gotlands kommun,329,111,296,2540
Stångby,Lunds kommun,2 008,102,1 969,3712
Ställdalen,Ljusnarsbergs kommun,487,179,272,6136
Stöcke,Umeå kommun,500,70,714,8332
Stöcksjö,Umeå kommun,441,110,401,8334
Stöde,Sundsvalls kommun,710,197,360,7676
Stöllet,Torsby kommun,243,76,320,5816
Stöpen,Skövde kommun,1 405,109,1 289,5444
Sulvik,Arvika kommun,358,125,286,5820
Sund,Trosa kommun,403,152,265,0898
Sundborn,Falu kommun,913,194,471,6768
Sundby,Ekerö kommun,400,70,571,0266
Sundbyholm,Eskilstuna kommun,890,263,338,0870
Sundhultsbrunn,Aneby kommun,307,46,667,1684
Sundom,Luleå kommun,221,89,248,8856
Sundsvall,Sundsvalls kommun,58 248,4 251,1 370,7688
Stensättra tomtområde,Nykvarns kommun,250,90,278,0382
Sunnansjö,Ludvika kommun,592,174,340,6772
Sunne,Sunne kommun,5 155,518,995,5824
Sunnemo,Hagfors kommun,304,118,258,5828
Surahammar,Surahammars kommun,6 293,497,1 266,6332
Surte,Ale kommun,6 190,372,1 664,5056
Svalsta,Nyköpings kommun,1 109,80,1 386,0876
Svalöv,Svalövs kommun,4 018,255,1 576,3716
Svanberga,Norrtälje kommun,525,93,565,0348
Svanesund,Orust kommun,1 988,361,551,4592
Svanskog/Svaneholm,Säffle kommun,486,134,363,5832
Svappavaara,Kiruna kommun,398,114,349,8864
Svartbyn,Överkalix kommun,248,130,191,8868
Svarte,Ystads kommun,918,88,1 043,3720
Svartehallen,Stenungsunds kommun,249,59,422,4595
Svartudden,Piteå kommun,450,34,1 324,8870
Svartå,Degerfors kommun,488,89,548,6140
Svedala,Svedala kommun,12 071,753,1 603,3724
Sveg,Härjedalens kommun,2 564,296,866,7968
Svenljunga,Svenljunga kommun,3 683,433,851,5060
Svensbyn,Piteå kommun,341,58,588,8876
Svenshögen,Stenungsunds kommun,438,56,782,4598
Svenstavik,Bergs kommun,990,166,596,7976
Svenstorp,Ängelholms kommun,263,37,711,3102
Svinninge,Österåkers kommun,2 384,571,418,0350
Svängsta,Karlshamns kommun,1 953,245,797,2748
Svärdsjö,Falu kommun,1 321,227,582,6776
Svärtinge,Norrköpings kommun,3 445,484,712,1276
Sya,Mjölby kommun,292,36,811,1280
Sysslebäck,Torsby kommun,470,181,260,5836
Sågmyra,Falu kommun,619,171,362,6780
Säffle,Säffle kommun,9 490,801,1 185,5840
Sälen,Malung-Sälens kommun,765,229,334,6784
Sälgsjön,Gävle kommun,211,33,639,7308
Särna,Älvdalens kommun,667,317,210,6788
Säter,Säters kommun,4 674,418,1 118,6792
Sätila,Marks kommun,1 260,166,759,5064
Sätinge,Kungsbacka kommun,346,118,293,4110
Sätra Brunn,Sala kommun,316,80,395,6336
Sättra,Norrtälje kommun,327,177,185,0400
Sävar,Umeå kommun,2 970,326,911,8336
Sävast,Bodens kommun,3 183,376,847,8878
Säve,Göteborgs kommun,758,68,1 115,4596
Sävja,Uppsala kommun,9 673,388,2 493,0632
Sävsjö,Sävsjö kommun,5 473,452,1 211,1688
Söderby,Ekerö kommun,297,73,407,0362
Söderby,Haninge kommun,357,176,203,0430
Söderby-Karl,Norrtälje kommun,265,86,308,0352
Söderbärke,Smedjebackens kommun,991,302,328,6796
Söderfors,Tierps kommun,1 714,225,762,0636
Söderhamn,Söderhamns kommun,12 378,916,1 351,7316
Söderköping,Söderköpings kommun,7 556,505,1 496,1284
Söderskogen,Håbo kommun,379,53,715,0638
Södersvik,Norrtälje kommun,351,242,145,0354
Södertälje,Södertälje kommun,72 704,2 797,2 599,0356
Söderåkra,Torsås kommun,936,160,585,2416
Södra Bergsbyn och Stackgrönnan,Skellefteå kommun,329,67,491,8342
Södra Bredåker,Bodens kommun,194,65,298,8882
Södra Sandby,Lunds kommun,6 322,435,1 453,3732
Södra Sunderbyn,Luleå kommun,3 116,233,1 337,8880
Södra Vi,Vimmerby kommun,1 174,156,753,2420
Sölvesborg,Sölvesborgs kommun,9 036,780,1 158,2752
Sörfors,Umeå kommun,466,114,409,8344
Sörforsa,Hudiksvalls kommun,1 611,238,677,7320
Sörmjöle,Umeå kommun,302,69,438,8348
Sörstafors,Hallstahammars kommun,282,41,688,6340
Sörvik,Ludvika kommun,707,132,536,6804
Söråker,Timrå kommun,2 406,529,455,7700
Sösdala,Hässleholms kommun,1 884,206,915,3104
Sövde,Sjöbo kommun,360,75,480,3738
Sövestad,Ystads kommun,365,52,702,3740
Taberg,Jönköpings kommun,4 538,386,1 176,1692
Tallboda,Linköpings kommun,3 325,315,1 056,1288
Tallvik,Överkalix kommun,508,106,479,8884
Tallåsen,Ljusdals kommun,593,160,371,7324
Tandsbyn,Östersunds kommun,429,140,306,7984
Tanumshede,Tanums kommun,1 937,207,936,4600
Tavelsjö,Umeå kommun,453,76,596,8352
Teckomatorp,Svalövs kommun,1 794,124,1 447,3744
Tenhult,Jönköpings kommun,3 108,251,1 238,1696
Tibro,Tibro kommun,8 483,789,1 075,5456
Tidaholm,Tidaholms kommun,8 247,600,1 375,5460
Tidan,Skövde kommun,997,143,697,5464
Tidö-Lindö,Västerås kommun,693,108,642,6342
Tierp,Tierps kommun,6 062,442,1 371,0640
Tillberga,Västerås kommun,2 138,163,1 312,6344
Timmele,Ulricehamns kommun,815,113,721,5068
Timmernabben,Mönsterås kommun,1 371,192,714,2424
Timmersdala,Skövde kommun,911,116,785,5468
Timrå,Timrå kommun,10 523,987,1 066,7704
Tingsryd,Tingsryds kommun,3 146,408,771,1992
Tingstäde,Gotlands kommun,235,73,322,2542
Tjautjas,Gällivare kommun,243,68,357,8886
Tjuvkil,Kungälvs kommun,1 081,329,329,4604
Tjällmo,Motala kommun,526,77,683,1292
Tjörnarp,Höörs kommun,860,264,326,3748
Toarp och Tåstarp,Ängelholms kommun,223,63,354,3132
Tobo,Tierps kommun,597,102,585,0648
Tofta,Gotlands kommun,657,502,131,2544
Tofta,Varbergs kommun,488,154,317,4112
Toftbyn,Falu kommun,292,153,191,6814
Tollarp,Kristianstads kommun,3 423,446,767,3108
Tollered,Lerums kommun,914,80,1 143,5072
Tomelilla,Tomelilla kommun,7 017,637,1 102,3112
Tomtebo,Umeå kommun,927,38,2 439,8354
Torbjörntorp,Falköpings kommun,470,88,534,5472
Torekov,Båstads kommun,1 102,434,254,3116
Torestorp,Marks kommun,412,75,549,5076
Torhamn,Karlskrona kommun,574,238,241,2760
Tormestorp,Hässleholms kommun,1 044,125,835,3120
Torna Hällestad,Lunds kommun,694,80,868,3480
Torpa,Varbergs kommun,230,82,280,4114
Torpsbruk,Alvesta kommun,396,65,609,1996
Torpshammar,Ånge kommun,480,214,224,7708
Torreby,Munkedals kommun,228,53,430,4554
Torsby,Torsby kommun,4 477,713,628,5844
Torshälla,Eskilstuna kommun,9 246,918,1 007,0880
Torsåker,Hofors kommun,866,117,740,7332
Torsång,Borlänge kommun,740,120,617,6806
Torsås,Torsås kommun,2 039,311,656,2428
Tortuna,Västerås kommun,421,57,739,6348
Torup,Hylte kommun,1 301,146,891,4116
Totebo,Västerviks kommun,236,47,502,2432
Tranemo,Tranemo kommun,3 278,342,958,5080
Tranholmen,Danderyds kommun,405,39,1 038,0368
Transtrand,Malung-Sälens kommun,336,212,158,6808
Tranås,Tranås kommun,14 775,1 019,1 450,1700
Traryd,Markaryds kommun,718,128,561,2000
Trekanten,Kalmars kommun,1 594,271,588,2436
Trelleborg,Trelleborgs kommun,30 214,1 550,1 949,3752
Trollhättan,Trollhättans kommun,49 511,2 463,2 010,5084
Trosa,Trosa kommun,6 144,610,1 007,0884
Trångforsen och Heden,Bodens kommun,1 864,279,668,8888
Trångsviken,Krokoms kommun,283,56,505,7988
Tråvad,Vara kommun,475,88,540,5476
Trädet,Ulricehamns kommun,315,69,457,5088
Trödje,Gävle kommun,353,93,380,7340
Trönninge,Halmstads kommun,1 613,144,1 120,4124
Trönningenäs,Varbergs kommun,793,184,431,4130
Trönö,Söderhamns kommun,210,83,253,7342
Tumba,Botkyrka kommun,41 599,1 944,2 140,0372
Tumbo,Eskilstuna kommun,343,64,536,0886
Tumlehed,Göteborgs kommun,653,118,553,4510
Tuna,Landskrona kommun,338,159,213,3126
Tuna,Södertälje kommun,403,90,448,0374
Tuna,Vimmerby kommun,220,42,524,2440
Tunnerstad,Jönköpings kommun,310,109,284,1708
Tuolluvaara,Kiruna kommun,974,68,1 432,8890
Tureholm,Ekerö kommun,844,251,336,0378
Tving,Karlskrona kommun,567,170,334,2764
Tvååker,Varbergs kommun,2 727,271,1 006,4132
Tvärskog,Kalmars kommun,390,79,494,2444
Tvärålund,Vindelns kommun,341,109,313,8356
Tye,Hammarö kommun,267,85,314,5850
Tygelsjö,Malmö kommun,3 467,182,1 905,3756
Tynningö,Vaxholms kommun,365,463,79,0432
Tyringe,Hässleholms kommun,4 841,433,1 118,3128
Tystberga,Nyköpings kommun,870,106,821,0888
Tågarp,Svalövs kommun,438,52,842,3760
Tånga och Rögle,Helsingborgs kommun,232,69,336,3764
Tångaberg,Varbergs kommun,1 015,199,510,4136
Tånnö,Värnamo kommun,194,41,473,1712
Täfteå,Umeå kommun,1 306,145,901,8360
Täljö,Österåkers kommun,439,108,406,0290
Tällberg,Leksands kommun,883,547,161,6816
Tärnaby,Storumans kommun,475,159,299,8364
Tärnsjö,Heby kommun,1 208,174,694,6352
Tävelsås,Växjö kommun,369,65,568,2002
Töcksfors,Årjängs kommun,1 210,249,486,5848
Töllsjö,Bollebygds kommun,411,65,632,5092
Töre,Kalix kommun,1 064,218,488,8896
Töreboda,Töreboda kommun,4 694,410,1 145,5484
Törestorp,Gnosjö kommun,267,91,293,1714
Tösse,Åmåls kommun,328,60,547,5096
Ubbhult norra,Marks kommun,205,61,336,4450
Ucklum,Stenungsunds kommun,548,128,428,4606
Uddebo,Tranemo kommun,231,64,361,5100
Uddeholm,Hagfors kommun,601,144,417,5852
Udden,Eskilstuna kommun,309,120,258,0892
Uddevalla,Uddevalla kommun,35 836,2 008,1 785,4608
Uddheden,Sunne kommun,269,76,354,5856
Ullared,Falkenbergs kommun,712,111,641,4140
Ullervad,Mariestads kommun,885,124,714,5488
Ullånger,Kramfors kommun,772,186,415,7680
Ulricehamn,Ulricehamns kommun,11 138,745,1 495,5104
Ulrika,Linköpings kommun,196,35,560,1296
Ultuna,Uppsala kommun,449,120,374,0654
Ulvkälla,Härjedalens kommun,380,74,514,7996
Ulvåker,Skövde kommun,251,41,612,5492
Umeå,Umeå kommun,86 311,3 220,2 680,8372
Unbyn,Bodens kommun,454,93,488,8902
Undenäs,Karlsborgs kommun,244,76,321,5496
Undersåker,Åre kommun,597,148,403,8000
Unnaryd,Hylte kommun,861,153,563,4144
Upphärad,Trollhättans kommun,563,77,731,5108
Upplanda,Tierps kommun,227,75,303,0652
Upplands Väsby och Sollentuna,Sollentuna kommun,143 582,4 546,3 158,0384
Uppsala,Uppsala kommun,156 854,4 374,3 586,0656
Urshult,Tingsryds kommun,978,213,459,2004
Ursviken,Skellefteå kommun,3 873,331,1 170,8310
Utby,Uddevalla kommun,412,77,535,5106
Utvälinge,Helsingborgs kommun,238,33,721,3766
Vad,Smedjebackens kommun,290,86,337,6820
"Vad, Åsbacka och Långrör",Söderhamns kommun,254,91,279,7378
Vadstena,Vadstena kommun,5 704,361,1 580,1300
Vaggeryd,Vaggeryds kommun,5 263,513,1 026,1720
Vagnhärad,Trosa kommun,3 526,287,1 229,0896
Valbo,Gävle kommun,7 266,850,855,7344
Valdemarsvik,Valdemarsviks kommun,2 823,265,1 065,1304
Valinge,Varbergs kommun,298,111,268,4154
Valje,Bromölla kommun,1 089,165,660,3136
Valla,Katrineholms kommun,1 477,130,1 136,0900
Vallargärdet,Karlstads kommun,630,140,450,5860
Vallberga,Laholms kommun,697,81,860,4148
Vallda,Kungsbacka kommun,3 968,565,702,4152
Vallentuna,Vallentuna kommun,32 394,1 700,1 906,0388
Vallkärra,Lunds kommun,411,41,1 002,3768
Vallsta,Bollnäs kommun,263,66,398,7348
Vallvik,Söderhamns kommun,246,95,259,7352
Vallåkra,Helsingborgs kommun,817,127,643,3772
Valskog,Kungsörs kommun,674,78,864,6360
Valåsen och Labbsand,Karlskoga kommun,337,143,236,6146
Vankiva,Hässleholms kommun,384,86,447,3140
Vannsätter,Söderhamns kommun,464,101,459,7356
Vansbro,Vansbro kommun,2 116,351,603,6828
Vansö kyrkby,Strängnäs kommun,195,29,672,0902
Vaplan,Krokoms kommun,266,59,451,8002
Vara,Vara kommun,4 126,331,1 247,5500
Varberg,Varbergs kommun,34 774,2 338,1 487,4156
Varekil,Orust kommun,923,160,577,4610
Vargön,Vänersborgs kommun,4 972,401,1 240,5112
Varnhem,Skara kommun,669,69,970,5504
Vartofta,Falköpings kommun,531,67,793,5508
Vassmolösa,Kalmars kommun,536,124,432,2452
Edeby,Knivsta kommun,252,56,450,0658
Vattholma,Uppsala kommun,1 440,113,1 274,0660
Vattjom,Sundsvalls kommun,552,134,412,7726
Vattnäs,Mora kommun,353,111,318,6832
Vattubrinken,Södertälje kommun,399,94,424,0390
Vaxholm,Vaxholms kommun,5 023,181,2 775,0392
Veberöd,Lunds kommun,4 937,395,1 250,3776
Veddige,Varbergs kommun,2 309,198,1 166,4160
Vedevåg,Lindesbergs kommun,702,142,494,6148
Vedum,Vara kommun,977,137,713,5512
Vegby,Ulricehamns kommun,585,93,629,5116
Veinge,Laholms kommun,1 470,205,717,4164
Velanda,Trollhättans kommun,683,83,823,5038
Vellinge,Vellinge kommun,6 591,327,2 016,3780
Vemdalen,Härjedalens kommun,546,356,153,8008
Vena,Hultsfreds kommun,400,86,465,2456
Venjan,Mora kommun,236,213,111,6836
Vessigebro,Falkenbergs kommun,819,106,773,4168
Vetlanda,Vetlanda kommun,13 668,1 078,1 268,1724
Vi,Sundsvalls kommun,5 859,629,931,7404
Vibble,Gotlands kommun,1 765,358,493,2548
Vibyäng,Håbo kommun,401,18,2 228,0522
Vickleby,Mörbylånga kommun,469,147,319,2458
Vidja,Huddinge kommun,771,190,406,0394
Vidsel,Älvsbyns kommun,591,100,591,8904
Vidöåsen,Hammarö kommun,285,25,1 140,5862
Viforsen och Tunbyn,Sundsvalls kommun,209,74,282,7714
Vik,Simrishamns kommun,344,90,382,3152
Vika,Falu kommun,579,99,585,6840
Vikarbodarna och Skatan,Sundsvalls kommun,241,121,199,7646
Vikarbyn,Rättviks kommun,1 218,348,350,6848
Viken,Höganäs kommun,4 523,295,1 533,3784
Vikingstad,Linköpings kommun,2 388,178,1 342,1308
Vikmanshyttan,Hedemora kommun,902,146,618,6852
Viksjöfors,Ovanåkers kommun,271,89,304,7360
Viksäter och Viksberg,Södertälje kommun,898,151,595,0398
Vilhelmina,Vilhelmina kommun,3 550,329,1 079,8376
Villshärad,Halmstads kommun,773,128,604,4176
Vilshult,Olofströms kommun,328,104,315,2772
Vimmerby,Vimmerby kommun,8 271,751,1 101,2460
Vinberg,Falkenbergs kommun,627,59,1 063,4180
Vinbergs kyrkby,Falkenbergs kommun,269,145,186,4182
Vindeln,Vindelns kommun,2 422,272,890,8380
Vindön,Orust kommun,211,167,126,4644
Vingåker,Vingåkers kommun,4 772,411,1 161,0904
Vinninga,Lidköpings kommun,1 021,108,945,5516
Vinnö,Kristianstads kommun,496,58,855,3156
Vinslöv,Hässleholms kommun,4 014,474,847,3160
Vintrie,Malmö kommun,814,46,1 770,3788
Vintrosa,Lekebergs kommun,2 447,424,577,6152
Vinäs,Mora kommun,299,106,282,6860
Virsbo,Surahammars kommun,1 347,123,1 095,6364
Virserum,Hultsfreds kommun,1 958,286,685,2464
Visby,Gotlands kommun,23 845,1 369,1 742,2552
Viskafors,Borås kommun,3 697,397,931,5120
Vislanda,Alvesta kommun,1 797,247,728,2012
Vissefjärda,Emmaboda kommun,665,104,639,2468
Vistträsk,Älvsbyns kommun,254,49,518,8908
Vitaby,Simrishamns kommun,335,119,282,3164
Vittangi,Kiruna kommun,786,200,393,8912
Vittaryd,Ljungby kommun,303,78,388,2016
Vittinge,Heby kommun,588,132,445,6368
Vittjärv,Bodens kommun,507,130,390,8916
Vittsjö,Hässleholms kommun,1 884,326,578,3168
Vittskövle,Kristianstads kommun,237,59,402,3170
Vollsjö,Sjöbo kommun,837,152,551,3792
Vrena,Nyköpings kommun,646,110,587,0908
Vretstorp,Hallsbergs kommun,895,161,556,6156
Vrigstad,Sävsjö kommun,1 518,213,713,1728
Vrångö,Göteborgs kommun,365,50,730,4612
Vuollerim,Jokkmokks kommun,671,144,466,8920
Vålberg,Karlstads kommun,2 818,322,875,5864
Våmhus,Mora kommun,831,234,355,6864
Vånga,Kristianstads kommun,239,117,204,3174
Vårdsätra,Uppsala kommun,286,40,715,0666
Vårgårda,Vårgårda kommun,5 574,507,1 099,5124
Vårsta,Botkyrka kommun,2 502,149,1 679,0396
Våxtorp,Laholms kommun,1 002,159,630,4184
Väckelsång,Tingsryds kommun,971,140,694,2020
Väderstad,Mjölby kommun,578,118,490,1316
Väggarp,Eslövs kommun,236,30,787,3830
Väländan,Haninge kommun,529,162,327,0402
Vänersborg,Vänersborgs kommun,23 656,1 131,2 092,5132
Väne-Åsaka,Trollhättans kommun,314,60,523,5128
Vänge,Uppsala kommun,1 299,90,1 443,0516
Vännäs,Vännäs kommun,4 486,409,1 097,8384
Vännäsby,Vännäs kommun,1 644,205,802,8388
Väring,Skövde kommun,668,125,534,5520
Värmlandsbro,Säffle kommun,284,22,1 291,5868
Värnamo,Värnamo kommun,19 569,1 191,1 643,1732
Värsås,Skövde kommun,640,85,753,5524
Väröbacka,Varbergs kommun,856,150,571,4188
Väse,Karlstads kommun,516,71,727,5872
Väskinde,Gotlands kommun,350,44,795,2556
Västanvik,Leksands kommun,486,236,206,6872
Västanvik,Motala kommun,182,146,125,1322
Västerberg,Sandvikens kommun,226,75,301,7364
Västerby,Hedemora kommun,370,71,521,6880
Västerfärnebo,Sala kommun,550,105,524,6372
Västerhaninge,Haninge kommun,17 429,1 036,1 682,0404
Västerhejde,Gotlands kommun,413,90,459,2560
Västerljung,Trosa kommun,376,42,895,0910
Västerlösa,Linköpings kommun,191,41,466,1318
Västermyckeläng,Älvdalens kommun,377,171,220,6884
Västervik,Västerviks kommun,21 381,1 385,1 544,2472
Västerås,Västerås kommun,121 806,4 807,2 534,6376
Västra Bispgården,Ragunda kommun,493,116,425,7808
Västerbodarna,Alingsås kommun,1 144,248,461,5136
Västra Hagen,Kungsbacka kommun,1 361,289,471,4224
Västra Husby,Söderköpings kommun,509,54,943,1320
Västra Ingelstad,Vellinge kommun,871,93,937,3800
Västra Karaby,Kävlinge kommun,256,62,413,3802
Västra Karup,Båstads kommun,543,145,374,3172
Västra Tommarp,Trelleborgs kommun,383,33,1 161,3806
Västra Ämtervik,Sunne kommun,390,143,273,5876
Växjö,Växjö kommun,67 395,3 541,1 903,2024
Yngsjö,Kristianstads kommun,598,315,190,3180
Ysane,Sölvesborgs kommun,220,56,393,2774
Ysby,Laholms kommun,255,48,531,4190
Ystad,Ystads kommun,19 294,1 102,1 751,3808
Ytterhogdal,Härjedalens kommun,478,198,241,8012
Ytternäs och Vreta,Uppsala kommun,803,153,525,0662
Yttersjö,Umeå kommun,459,110,417,8394
Zinkgruvan,Askersunds kommun,324,181,179,6160
Åby,Norrköpings kommun,6 975,533,1 309,1324
Åby,Växjö kommun,431,59,731,2028
Åbyggeby,Gävle kommun,998,234,426,7368
Åbytorp,Kumla kommun,816,143,571,6164
Åhus,Kristianstads kommun,10 029,1 122,894,3184
Åkarp,Burlövs kommun,6 035,258,2 339,3812
Åkers styckebruk,Strängnäs kommun,2 999,280,1 071,0912
Åkersberga,Österåkers kommun,33 944,2 460,1 380,0408
Ålberga,Nyköpings kommun,226,41,551,0916
Åled,Halmstads kommun,1 719,187,919,4192
Åminne,Värnamo kommun,217,38,571,1736
Åmmeberg,Askersunds kommun,434,202,215,6168
Åmot,Ockelbo kommun,244,121,202,7372
Åmotfors,Eda kommun,1 375,207,664,5880
Åmunnen,Kalmars kommun,273,31,881,2482
Åmynnet,Örnsköldsviks kommun,318,40,795,7732
Åmål,Åmåls kommun,9 491,736,1 290,5140
Ånge,Ånge kommun,2 895,382,758,7736
Ånäset,Robertsfors kommun,602,138,436,8396
Åre,Åre kommun,3 081,635,485,8024
Årjäng,Årjängs kommun,3 433,455,755,5884
Årnäs,Varbergs kommun,719,345,208,4194
Årsta Havsbad,Haninge kommun,437,145,301,0434
Årstad,Falkenbergs kommun,324,45,720,4196
Årsunda,Sandvikens kommun,1 034,144,718,7376
Åryd,Karlshamns kommun,345,76,454,2776
Åryd,Växjö kommun,709,81,875,2032
Ås,Krokoms kommun,1 580,292,541,8028
Ås/Åshyttan,Nora kommun,496,72,689,6176
Åsa,Kungsbacka kommun,6 300,907,695,4200
Åsarna,Bergs kommun,277,61,454,8032
Åsarp,Falköpings kommun,624,103,606,5532
Åsbro,Askersunds kommun,1 306,309,423,6172
Åsby,Varbergs kommun,429,80,536,4204
Åseda,Uppvidinge kommun,2 719,302,900,2036
Åsele,Åsele kommun,1 673,231,724,8400
Åsensbruk,Melleruds kommun,794,172,462,5144
Åshammar,Sandvikens kommun,535,83,645,7380
Åsljunga,Örkelljunga kommun,774,177,437,3188
Åstorp,Åstorps kommun,9 633,667,1 444,3192
Åtvidaberg,Åtvidabergs kommun,7 096,567,1 251,1328
Älandsbro,Härnösands kommun,921,199,463,7740
Älgarås,Töreboda kommun,400,93,430,5536
Älghult,Uppvidinge kommun,464,98,473,2040
Älgö,Nacka kommun,986,202,488,0436
Älmhult,Älmhults kommun,10 028,977,1 026,2048
Älmsta,Norrtälje kommun,1 361,226,602,0412
Älvdalen,Älvdalens kommun,1 880,337,558,6896
Älvkarleby,Älvkarleby kommun,1 540,251,614,0664
Älvkarleö,Älvkarleby kommun,227,73,311,0670
Älvnäs,Ekerö kommun,801,57,1 405,0414
Älvsala,Värmdö kommun,610,457,133,0438
Älvsbyn,Älvsbyns kommun,5 070,619,819,8932
Älvsered,Falkenbergs kommun,444,113,393,4212
Älvängen,Ale kommun,4 984,415,1 201,5152
Äng,Nässjö kommun,272,50,544,1740
Änge,Krokoms kommun,307,62,495,8040
Ängelholm,Ängelholms kommun,28 126,2 024,1 390,3196
Ängelholms strand,Ängelholms kommun,512,83,617,3198
Ängesbyn Skaulo,Luleå kommun,208,77,270,8934
Ängsmon,Östersunds kommun,1 347,53,2 542,8042
Ängsvik,Värmdö kommun,460,74,622,0418
Äppelbo,Vansbro kommun,504,287,176,6900
Ärla,Eskilstuna kommun,1 302,145,898,0920
Äsköping,Katrineholms kommun,337,51,661,0924
Äspered,Borås kommun,296,61,485,5156
Äsperöd,Sjöbo kommun,243,36,675,3816
Ätran,Falkenbergs kommun,406,65,625,4216
Öbolandet,Trosa kommun,314,172,183,0928
Öbonäs,Norrköpings kommun,666,193,345,1330
Öckerö,Öckerö kommun,3 612,262,1 379,4628
Ödeborg,Färgelanda kommun,602,87,692,5160
Ödeshög,Ödeshögs kommun,2 685,260,1 033,1332
Ödsmål,Stenungsunds kommun,1 454,367,396,4630
Ödsmål och Åsebyberg,Kungälvs kommun,260,79,329,4648
Ödåkra,Helsingborgs kommun,5 399,328,1 646,3820
Öggestorp,Jönköpings kommun,240,39,615,1742
Öjersjö,Partille kommun,4 431,258,1 717,4631
Ölmbrotorp,Örebro kommun,539,63,856,6184
Ölme,Kristinehamns kommun,220,38,579,5888
Ölmstad,Jönköpings kommun,439,77,570,1448
Ölsta,Ekerö kommun,656,239,274,0424
Önneköp,Hörby kommun,227,52,437,3834
Önnestad,Kristianstads kommun,1 415,218,649,3200
Örbyhus,Tierps kommun,2 024,164,1 234,0672
Örebro,Örebro kommun,119 091,5 064,2 352,6188
Öregrund,Östhammars kommun,1 614,427,378,0676
Örkelljunga,Örkelljunga kommun,5 260,821,641,3208
Örnsköldsvik,Örnsköldsviks kommun,32 953,3 309,996,7744
Örserum,Jönköpings kommun,371,72,515,1748
Örsjö,Nybro kommun,363,82,443,2484
Örslösa,Lidköpings kommun,313,60,522,5890
Örsundsbro,Enköpings kommun,1 373,136,1 010,0680
Örsundsbro norra,Enköpings kommun,572,36,1 589,0682
Örtagården,Västerås kommun,474,42,1 129,6382
Örtofta,Eslövs kommun,301,72,418,3828
Örviken,Skellefteå kommun,416,114,365,8408
Ösmo,Nynäshamns kommun,3 947,210,1 880,0420
Össjö,Ängelholms kommun,219,35,626,3210
Östadkulle,Vårgårda kommun,422,65,649,5162
Östansjö,Hallsbergs kommun,835,149,560,6192
Österbybruk,Östhammars kommun,2 409,277,870,0684
Österbymo,Ydre kommun,912,134,681,1336
Österfärnebo,Sandvikens kommun,487,137,355,7384
Österslöv,Kristianstads kommun,466,68,685,3216
Österstad,Motala kommun,325,43,756,1340
Östersund,Östersunds kommun,50 960,3 484,1 463,8044
Östervåla,Heby kommun,1 737,214,812,6384
Östhammar,Östhammars kommun,4 843,489,990,0688
Östorp och Ådran,Huddinge kommun,265,112,237,0406
Östra Bispgården,Ragunda kommun,253,125,202,7806
Östra Frölunda,Svenljunga kommun,313,63,497,5164
Östra Grevie,Vellinge kommun,761,102,746,3832
Östra Husby,Norrköpings kommun,851,119,715,1344
Östra Kallfors,Södertälje kommun,491,47,1 045,0428
Östra Karup,Båstads kommun,785,164,479,3220
Östra Ljungby,Klippans kommun,1 790,229,782,3224
Östra Ryd,Söderköpings kommun,489,95,515,1348
Östra Sönnarslöv,Kristianstads kommun,268,68,394,3228
Östra Tommarp,Simrishamns kommun,293,66,444,3232
Östra Vemmerlöv,Simrishamns kommun,240,74,324,3236
Överboda,Umeå kommun,243,61,398,8412
Överhärde,Gävle kommun,559,125,447,7388
Överkalix,Överkalix kommun,1 038,124,837,8940
Överlida,Svenljunga kommun,536,85,631,5168
Övertorneå,Övertorneå kommun,1 877,247,760,8944
Övertänger,Falu kommun,237,133,178,6916
Överum,Västerviks kommun,1 187,164,724,2488
Öxabäck,Marks kommun,346,66,524,5172
Öxeryd,Lerums kommun,583,110,530,5176
