Locality,Municipality,Latitude,Longitude
Abbekås,Skurups kommun,55.3992749,13.6002756
Abborrberget,Strängnäs kommun,59.7121289,14.2028966
Alberga,Eskilstuna kommun,59.4562046,14.8801202
Alby,Ånge kommun,57.8194837,18.9565283
Alfta,Ovanåkers kommun,61.345719,16.0001042
Algutsrum,Mörbylånga kommun,56.6794265,16.5297957
Alingsås,Alingsås kommun,57.98074585,12.4581702921935
Allerum,Helsingborgs kommun,56.12857975,12.6684275708261
Almunge,Uppsala kommun,59.8773068,18.0461233
Alsike,Knivsta kommun,59.7566269,17.7635873
Alstad,Trelleborgs kommun,55.4543742,13.2095014
Alsterbro,Nybro kommun,56.9402572,15.9139431
Alster,Karlstads kommun,59.3981176,13.6084317
Alstermo,Uppvidinge kommun,56.9742714,15.6526808
Alunda,Östhammars kommun,60.0664532,18.0780717
Alvesta,Alvesta kommun,56.86382675,14.447930994592
Alvhem,Ale kommun,59.7499853,17.7618358
Alvik,Leksands kommun,59.3334008,17.9822792
Alvik,Luleå kommun,59.3334008,17.9822792
Ambjörnarp,Tranemo kommun,57.4213149,13.2945589
Ammenäs,Uddevalla kommun,58.3113955,11.8184075
Anderslöv,Trelleborgs kommun,55.4388771,13.3186826
Anderstorp,Gislaveds kommun,57.2829822,13.6368211
Aneby,Aneby kommun,57.8745613,14.7544301214248
Angelstad,Ljungby kommun,56.8275915,13.7638888
Angered,Göteborgs kommun,57.81316635,12.118917253594
Ankarsrum,Västerviks kommun,57.7008921,16.3343613
Ankarsvik,Sundsvalls kommun,62.373596,17.40904
Anneberg,Nässjö kommun,57.5391182,12.1106534
Annelöv,Landskrona kommun,55.8365448,13.0197328
Antnäs,Luleå kommun,65.5525529,21.8428729
Aplared,Borås kommun,57.6501253,13.067945
Arboga,Arboga kommun,59.394187,15.8396643
Arbrå,Bollnäs kommun,61.4730882,16.374964
Ardala,Skara kommun,58.3620073,13.3380561
Arentorp,Vara kommun,58.241915,12.8738943
Arild,Höganäs kommun,56.2738191,12.5721097
Arjeplog,Arjeplogs kommun,66.38071505,17.1068454362123
Arkelstorp,Kristianstads kommun,56.1739234,14.2897744
Arninge,Täby kommun,59.4647097,18.129501
Arnö,Nyköpings kommun,56.18085435,15.586153130726
Arrie,Vellinge kommun,55.5155259,13.0851347
Arvidsjaur,Arvidsjaurs kommun,65.65699565,19.3456144593749
Arvidsvik,Kungälvs kommun,57.8884715,11.5916971
Arvika,Arvika kommun,59.6543555,12.5916225
Askeby,Linköpings kommun,58.4066961,15.8716831162983
Askersby,Örebro kommun,59.1489606,15.474376
Askersund,Askersunds kommun,58.8355002,14.9257551081646
Asmundtorp,Landskrona kommun,55.8855959,12.9471949
Aspeboda,Falu kommun,60.560042,15.4918744
Asperö,Göteborgs kommun,57.64628555,11.8002116669828
Aspås,Krokoms kommun,63.3650346,14.4847004
Avan,Luleå kommun,66.1091337,22.3001432
Avesta,Avesta kommun,60.1469553,16.1826996
Axvall,Skara kommun,58.3891661,13.5747695
Backaryd,Ronneby kommun,56.3472091,15.1544828
Backa,Rättviks kommun,60.6608429,17.0767427
Backe,Strömsunds kommun,62.2735992,17.1431224
Baggetorp,Vingåkers kommun,58.9052779,14.6080425
Baldersnäs,Värmdö kommun,58.9627059,12.277522
Ballingslöv,Hässleholms kommun,56.2142746,13.8465783
Balsby,Kristianstads kommun,56.075362,14.2110301
Bammarboda,Österåkers kommun,59.5064698,18.4684635
Bankekind,Linköpings kommun,58.3614502,15.8532229102868
Bankeryd,Jönköpings kommun,57.8631423,14.1278533
Bara,Svedala kommun,57.588491,18.610915
Barkarö,Västerås kommun,59.5557933,16.5041931
Barsebäck,Kävlinge kommun,55.7716614,12.9563659
Barsebäckshamn,Kävlinge kommun,55.7558368,12.9058848
Baskemölla,Simrishamns kommun,55.5915413,14.3152961
Bastuträsk,Norsjö kommun,64.0211393,19.3472573
Beddingestrand,Trelleborgs kommun,55.3606336,13.4251847
Bengtsfors,Bengtsfors kommun,59.0116448,12.2455494253837
Bengtsheden,Falu kommun,60.7007177,15.870233
Bensbyn,Luleå kommun,65.639826,22.2396659
Bergagård,Falkenbergs kommun,56.9815167,12.5775003
Berga,Högsby kommun,56.0755325,12.7215310518411
Berga,Norrköpings kommun,56.0755325,12.7215310518411
Bergby,Gävle kommun,60.9290646,17.0410031
Bergeforsen,Timrå kommun,62.526318,17.3739827
Berg,Gävle kommun,62.6895715,14.3566332451726
Berghem,Marks kommun,61.5464049,16.9811666
Bergkvara,Torsås kommun,56.3907509,16.070362
Berg,Linköpings kommun,62.6895715,14.3566332451726
Bergnäset,Luleå kommun,65.5682242,22.1101459
Bergshammar,Nyköpings kommun,58.741404,16.912554
Bergshamra,Norrtälje kommun,59.6395313,18.6564963
Bergsjö,Nordanstigs kommun,61.9837757,17.0583699
Bergströmshusen,Staffanstorps kommun,55.6766809,13.1733609
Bergsviken,Piteå kommun,65.307803,21.390501
Bergsäng,Hagfors kommun,60.1118421,13.5674421
Bergvik,Söderhamns kommun,61.2553522,16.8325443
Berg,Åtvidabergs kommun,62.6895715,14.3566332451726
Bestorp,Linköpings kommun,58.2334751,15.7332185
Betsede,Värmdö kommun,59.3297852,18.431584
Bettna,Flens kommun,58.9072551,16.6387139
Bie,Katrineholms kommun,59.0878603,16.2116606
Billdal,Kungsbacka kommun,57.5769977,11.9426258
Billeberga,Svalövs kommun,55.882914,12.9990874
Billinge,Eslövs kommun,55.9625291,13.3317811
Billingsfors,Bengtsfors kommun,58.9831732,12.2461677
Billsta,Örnsköldsviks kommun,63.3228771,18.5144955
Birka,Krokoms kommun,59.3327282,17.5449413
Bjurholm,Bjurholms kommun,63.96423775,18.9794870437309
Bjursås,Falu kommun,60.7376045,15.4501906
Bjuv,Bjuvs kommun,56.0842983,12.9167304
Bjärlöv,Kristianstads kommun,56.1129447,14.0871099
Bjärnum,Hässleholms kommun,56.2904411,13.7114221
Bjärred,Lomma kommun,55.7221863,13.0216436
Bjärsjölagård,Sjöbo kommun,55.7231071,13.689776
Bjästa,Örnsköldsviks kommun,63.2038751,18.5002737
Björbo,Gagnefs kommun,60.456683,14.7272515
Björboholm,Lerums kommun,57.8735794,12.3280504
Björke,Gävle kommun,60.7659384,17.1912936
Björketorp,Marks kommun,57.4261568,12.523757
Björklinge,Uppsala kommun,60.0291369,17.551431
Björkskatan,Luleå kommun,65.61585,22.177784
Björkvik,Katrineholms kommun,58.8397725,16.5138323
Björköby,Vetlanda kommun,57.5192168,14.9059189
Björkö,Öckerö kommun,57.86431,16.6566706875477
Björna,Örnsköldsviks kommun,63.73584245,18.4497232810842
Björneborg,Kristinehamns kommun,55.4862458,13.3850363701555
Björnlunda,Gnesta kommun,59.0660266,17.159785
Björnås,Åstorps kommun,62.9022281,18.3464296
Björnänge,Åre kommun,61.3029953,17.0358881
Björsäter,Åtvidabergs kommun,58.6582727,13.6991123
Blackstalund,Uppsala kommun,59.9630562,17.3826215
Bleket,Tjörns kommun,57.9532505,11.5703756
Blentarp,Sjöbo kommun,55.5841581,13.5990807
Blidsberg,Ulricehamns kommun,57.9305133,13.4933237
Blidö,Norrtälje kommun,59.6145386,18.9014643715996
Blombacka,Karlstads kommun,59.6061251,13.8012582
Blomstermåla,Mönsterås kommun,56.9845703,16.3286835
Blåsmark,Piteå kommun,65.2652847,21.2927158
Blötberget,Ludvika kommun,60.1267746,15.0587897
Bockara,Oskarshamns kommun,57.2618364,16.0651399
Bodafors,Nässjö kommun,57.5052622,14.7033794
Boda,Rättviks kommun,59.6611068,16.8945975
Boden,Bodens kommun,65.8275004,21.6964105
Boliden,Skellefteå kommun,64.8670486,20.3873335
Bollebygd,Bollebygds kommun,57.744516,12.5831872822911
Bollnäs,Bollnäs kommun,61.31830325,16.3967939462856
Bollstabruk,Kramfors kommun,62.9971425,17.6757247
Bonäs,Mora kommun,61.0715557,14.4858613
Borensberg,Motala kommun,58.5656587,15.2802181
Borggård,Finspångs kommun,58.7302031,15.5589908
Borgholm,Borgholms kommun,56.8799276,16.6561377
Borgstena,Borås kommun,57.8838055,13.0131695
Borlänge,Borlänge kommun,60.4856426,15.4234561
Borrby,Simrishamns kommun,55.4580331,14.1808853
Bor,Värnamo kommun,57.1178356,14.1567080247176
Borås,Borås kommun,57.7210839,12.9407407
Bosnäs,Borås kommun,57.6683339,12.8442636
Botsmark,Umeå kommun,64.2534035,20.2461959
Bottnaryd,Jönköpings kommun,57.7695139,13.8261337
Bovallstrand,Sotenäs kommun,58.4747474,11.3188069
Boxholm,Boxholms kommun,58.13259575,15.1277388768987
Brantevik,Simrishamns kommun,55.5151992,14.345963
Brastad,Lysekils kommun,58.3820066,11.4851818
Braås,Växjö kommun,57.0597928,15.0483561
Bredared,Borås kommun,57.8057829,12.9029859
Bredaryd,Värnamo kommun,57.1741048,13.7389376
Bredbyn,Örnsköldsviks kommun,62.1985274,17.2309674
Bredsand,Enköpings kommun,62.34202275,17.3722690435238
Bredviken,Kalix kommun,62.4815968,16.4608909
Broaryd,Gislaveds kommun,57.1202315,13.2583524
Broby,Östra Göinge kommun,59.8647821,17.8252862
Brokind,Linköpings kommun,58.2181536,15.6814626
Bromölla,Bromölla kommun,56.076158,14.4681732
Brottby,Vallentuna kommun,59.5609596,18.238716
Bro,Upplands-Bro kommun,57.6692989,18.472247
Brunna,Upplands-Bro kommun,60.2622223,16.0101293
Brunnsberg,Älvdalens kommun,61.2077169,14.1196749
Brunn,Värmdö kommun,57.8006825,13.3695137
Bruzaholm,Eksjö kommun,57.6424632,15.2719703
Brålanda,Vänersborgs kommun,58.5633121,12.3507401
Bräcke,Bräcke kommun,62.7521274,15.4198705
Bräkne-Hoby,Ronneby kommun,56.2285608,15.1169407
Brändön,Luleå kommun,65.6953813,22.3365664
Brännland,Umeå kommun,64.6583308,18.4533991
Brännö,Göteborgs kommun,57.64378365,11.7718636893973
Brösarp,Tomelilla kommun,55.72458145,14.1047284629395
Bua,Varbergs kommun,57.2370372,12.1224817
Buerås,Kungsbacka kommun,57.423823,11.9681797
Bullmark,Umeå kommun,64.0285823,20.4839591
Bunkeflostrand,Malmö kommun,55.5533622,12.9155885
Bureå,Skellefteå kommun,64.6179842,21.200493
Burgsvik,Gotlands kommun,57.0332117,18.2766964
Burlövs egnahem,Burlövs kommun,55.6358275,13.1019159
Burseryd,Gislaveds kommun,57.3754518,14.7897137
Burträsk,Skellefteå kommun,64.5190044,20.6557865
Buskhyttan,Nyköpings kommun,58.6650719,16.9420798
Butbro,Finspångs kommun,58.7163228,15.8344557
Bygdeå,Robertsfors kommun,64.0610888,20.853516
Bygdsiljum,Skellefteå kommun,64.3506694,20.5050613
Byske,Skellefteå kommun,64.9545082,21.2057517
Bålsta,Håbo kommun,59.5682102,17.5293647
Bårslöv,Helsingborgs kommun,56.011964,12.8018999
Båstad,Båstads kommun,56.4267895,12.8607151
Båtskärsnäs,Kalix kommun,65.7809286,23.4221389
Bäckaskog,Kristianstads kommun,56.0442996,14.3342604
Bäckebo,Nybro kommun,56.8892206,16.0653628
Bäckefors,Bengtsfors kommun,58.8061271,12.1599693
Bäckhammar,Kristinehamns kommun,59.1589394,14.190986
Bälgviken,Eskilstuna kommun,59.2498277,16.4607413
Bälinge,Luleå kommun,59.9488453,17.5429846
Bälinge,Uppsala kommun,59.9488453,17.5429846
Bärby,Uppsala kommun,59.8566853,17.8175047
Bäsna,Gagnefs kommun,60.5411314,15.2077918
Böle,Piteå kommun,65.3861517,21.3225391
Bönan,Gävle kommun,60.7361314,17.3032168
Charlottenberg,Eda kommun,59.8839607,12.3049207
Dala-Floda,Gagnefs kommun,60.5076925,14.79673
Dalarö,Haninge kommun,59.1335185,18.4052397
Dalby,Lunds kommun,55.6646637,13.3461589
Dalsjöfors,Borås kommun,57.7216986,13.1069626
Dals Långed,Bengtsfors kommun,58.9259057,12.3063826
Dals Rostock,Melleruds kommun,58.7140856,12.3556541
Dalstorp,Tranemo kommun,57.6055738,13.5116572
Dalum,Ulricehamns kommun,57.9002966,13.4649246
Danholn,Falu kommun,60.6195452,15.7929596
Danmark,Uppsala kommun,57.9499378,11.5493103357993
Dannemora,Östhammars kommun,60.2032735,17.8599065
Dannike,Borås kommun,57.6887714,13.227561
Degeberga,Kristianstads kommun,55.8371511,14.0892635
Degerfors,Degerfors kommun,59.15317255,14.429411621865
Degerhamn,Mörbylånga kommun,56.3555211,16.4110099
Deje,Forshaga kommun,59.6059394,13.4636486
Delsbo,Hudiksvalls kommun,61.8001275,16.5558869
Dingle,Munkedals kommun,58.5276578,11.578637
Dingtuna,Västerås kommun,59.5724025,16.388665
Diseröd,Kungälvs kommun,57.9246067,12.0288279
Diö,Älmhults kommun,56.6393813,14.2211316
Djupekås,Sölvesborgs kommun,56.0706821,14.7214034
Djura,Leksands kommun,60.612263,15.0054703
Djurås,Gagnefs kommun,60.560541,15.1303132
Djurön,Norrköpings kommun,58.6292733,16.3471657
Djurö,Värmdö kommun,58.86379765,13.4705056438116
Docksta,Kramfors kommun,63.0573209,18.327456
Domsten,Helsingborgs kommun,56.1196938,12.6073088
Donsö,Göteborgs kommun,57.6015754,11.8034621075405
Dorotea,Dorotea kommun,64.4639605,16.1147333063947
Drag,Kalmars kommun,56.7794334,16.4202633
Drottningholm,Ekerö kommun,59.324925,17.8873327
Drottningskär,Karlskrona kommun,57.50113955,11.9262599283008
Drängsmark,Skellefteå kommun,64.9179693,20.9545824
Dunö,Kalmars kommun,56.6340914,16.2657942
Duvesjön,Kungälvs kommun,57.9531858,12.0186317
Dvärsätt,Krokoms kommun,63.3024114,14.4731993
Dyvelsten,Forshaga kommun,59.5140428,13.4381483
Dösjebro,Kävlinge kommun,55.8199778,13.0304533
Eda Glasbruk,Eda kommun,59.9213356,12.2633766
Edane,Arvika kommun,59.62982,12.8229215
Ed,Dals-Eds kommun,58.9125825,11.9340137
Edeby,Knivsta kommun,59.8119017,17.7758236
Edsbro,Norrtälje kommun,59.8951281,18.4923786
Edsbruk,Västerviks kommun,58.0195774,16.4674596
Edsbyn,Ovanåkers kommun,61.3774428,15.8181755
Edsta,Hudiksvalls kommun,61.7737708,17.0037102
Edsvalla,Karlstads kommun,59.4369756,13.2103442
Eggby,Skara kommun,58.4339651,13.6451126
Ekeby-Almby,Örebro kommun,59.2584695,15.3368752
Ekeby,Bjuvs kommun,57.5955391,18.5140103
Ekeby,Kumla kommun,57.5955391,18.5140103
Ekeby,Södertälje kommun,57.5955391,18.5140103
Ekedalen,Tidaholms kommun,59.9907066,17.2993053
Ekenässjön,Vetlanda kommun,57.4918386,15.0209543
Ekerö,Ekerö kommun,59.3555916,17.6224213225656
Ekerö sommarstad,Ekerö kommun,59.2760323,17.7345002043944
Eket,Örkelljunga kommun,58.0574645,13.803066
Ekshärad,Hagfors kommun,60.1742823,13.4937616
Eksjö,Eksjö kommun,57.6674439,14.9735595
Ekskogen,Vallentuna kommun,59.6414357,18.2311249
Eksund,Norrköpings kommun,58.585982,16.0918873
Ekängen,Linköpings kommun,59.3071747,17.7523731
Eldsberga,Halmstads kommun,56.597933,12.9854087
Ellös,Orust kommun,58.1799703,11.4687475
Emmaboda,Emmaboda kommun,56.6308333,15.5406619
Emmaljunga,Hässleholms kommun,56.3998263,13.6492329
Emsfors,Oskarshamns kommun,56.210123,14.0960597
Emtunga,Vara kommun,58.2552372,12.9990743
Enbacka,Säters kommun,60.4118034,15.6121913
Eneryda,Älmhults kommun,56.7038082,14.3383773
Enhagen-Ekbacken,Västerås kommun,59.5656207,16.5318306
Enköping,Enköpings kommun,59.6356115,17.077856
Enstaberga,Nyköpings kommun,58.7514681,16.8545325
Enviken,Falu kommun,59.6236681,18.629259
Enånger,Hudiksvalls kommun,61.5474691,17.0022468
Eriksmåla,Emmaboda kommun,56.7368403,15.4736374
Eringsboda,Ronneby kommun,56.4401253,15.3625015
Ersmark,Skellefteå kommun,64.8483889,20.8981835
Ersmark,Umeå kommun,64.8483889,20.8981835
Ersnäs,Luleå kommun,65.5290529,21.7946331
Eskilstuna,Eskilstuna kommun,59.3717379,16.5051474
Eslöv,Eslövs kommun,55.8374959,13.3036265
Evertsberg,Älvdalens kommun,61.1351095,13.9590325
Everöd,Kristianstads kommun,55.8993312,14.0976714
Fagerhult,Habo kommun,58.8283474,11.6143729
Fagerhult,Högsby kommun,58.8283474,11.6143729
Fagerhult,Uddevalla kommun,58.8283474,11.6143729
Fagersanna,Tibro kommun,59.135612,15.2762001
Fagersta,Fagersta kommun,60.0038627,15.7906054
Fagerås,Kils kommun,59.1603063,12.8778541
Falerum,Åtvidabergs kommun,58.1437133,16.2063158
Falkenberg,Falkenbergs kommun,57.01289375,12.7118832380907
Falköping,Falköpings kommun,58.16469345,13.493855942801
Falla,Finspångs kommun,58.682822,15.7465107
Falun,Falu kommun,60.6070068,15.6323059
Fanbyn,Sundsvalls kommun,62.4089733,16.5794511
Farhult,Höganäs kommun,56.2150287,12.7125297
Fegen,Falkenbergs kommun,57.1040948,13.0325517
Fellingsbro,Lindesbergs kommun,59.4343972,15.5890014
Fengersfors,Åmåls kommun,58.9949441,12.4639629
Figeholm,Oskarshamns kommun,57.3767119,16.5522663
Filipstad,Filipstads kommun,59.7135483,14.1680314
Filsbäck,Lidköpings kommun,58.4907677,13.2459367
Finja,Hässleholms kommun,56.1675684,13.689776
Finkarby,Nykvarns kommun,59.2248387,17.3082384
Finnerödja,Laxå kommun,58.9285408,14.4411303
Finspång,Finspångs kommun,58.70773,15.7758645
Finsta,Norrtälje kommun,59.7369299,18.4920915
Fiskebäckskil,Lysekils kommun,58.2456466,11.4566294
Fisksätra,Nacka kommun,59.2921965,18.2537882
Fjugesta,Lekebergs kommun,59.1734088,14.8709494
Fjälkinge,Kristianstads kommun,56.0433855,14.2758479
Fjällbacka,Tanums kommun,58.5987546,11.2827802
Fjärdhundra,Enköpings kommun,59.7760701,16.9179368
Fjärås kyrkby,Kungsbacka kommun,57.4600329,12.1723801
Fjärås station,Kungsbacka kommun,57.4380548,12.1558698
Flen,Flens kommun,59.0567823,16.5893
Fleninge,Helsingborgs kommun,56.1083353,12.7915362
Flerohopp,Nybro kommun,56.822755,15.8768402
Fliseryd,Mönsterås kommun,57.1241074,16.2631299
Floby,Falköpings kommun,58.138443,13.3362213
Flurkmark,Umeå kommun,63.9824036,20.2366005
Flygsfors,Nybro kommun,56.8393914,15.7791869
Flyinge,Eslövs kommun,55.7534529,13.3685462
Flädie,Lomma kommun,55.7252694,13.0719827
Folkärna,Avesta kommun,60.1528413,16.3143882
Fornåsa,Motala kommun,58.4791162,15.2279647
Fors,Avesta kommun,62.3386153,17.0269725
Forsbacka,Gävle kommun,60.6153399,16.8949803
Forserum,Nässjö kommun,57.699733,14.4723521
Forshaga,Forshaga kommun,59.5290618,13.4826031
Forsheda,Värnamo kommun,57.1678551,13.8301364
Forssjö,Katrineholms kommun,58.955414,16.2926848
Forsvik,Karlsborgs kommun,65.0556925,17.2510083
Fotö,Öckerö kommun,57.67008115,11.6545838687892
Fredriksberg västra,Ludvika kommun,58.5909379,14.088724
Fredriksberg östra,Ludvika kommun,58.5909379,14.088724
Fredriksdal,Nässjö kommun,56.05753395,12.7269139065739
Fredriksfors,Hudiksvalls kommun,61.787858,16.6127533
Freluga,Bollnäs kommun,61.3275255,16.2969749
Fridlevstad,Karlskrona kommun,56.2697952,15.5421062
Friggesund,Hudiksvalls kommun,61.8964248,16.5462606
Frillesås,Kungsbacka kommun,57.3172804,12.1767467
Frinnaryd,Aneby kommun,57.9340883,14.8208622
Fristad,Borås kommun,57.8238811,13.0100197
Fritsla,Marks kommun,57.5518736,12.7865937
Främmestad,Essunga kommun,58.2333229,12.6662924
Frändefors,Vänersborgs kommun,58.5000567,12.2782435
Fränsta,Ånge kommun,62.4991238,16.170082
Frödinge,Vimmerby kommun,57.6995864,16.0050478
Frösakull,Halmstads kommun,56.6684351,12.7395964
Frövi,Lindesbergs kommun,59.4661989,15.3650698
Funbo,Uppsala kommun,59.8567841,17.8565773
Funäsdalen,Härjedalens kommun,62.546067,12.5420156
Furuby,Växjö kommun,56.8533661,15.0317647
Furudal,Rättviks kommun,61.1699463,15.1354539
Furulund,Kävlinge kommun,55.7762345,13.0911987
Furusjö,Habo kommun,57.9302906,13.9609711
Furuvik,Gävle kommun,60.652738,17.3299667
Fågelfors,Högsby kommun,57.2073802,15.8436619
Fågelmara,Karlskrona kommun,56.2600689,15.9475083
Fågelsta,Motala kommun,64.2354208,16.2982178
Fågelvikshöjden,Värmdö kommun,59.2805969,18.4477979
Fåker,Östersunds kommun,62.9919294,14.577169
Fårbo,Oskarshamns kommun,57.3839716,16.484591
Fårösund,Gotlands kommun,57.8630332,19.0508902
Färgelanda,Färgelanda kommun,58.6135368,12.0058822484431
Färila,Ljusdals kommun,61.7981499,15.8437651
Färjestaden,Mörbylånga kommun,56.6517105,16.4721747
Färlöv,Kristianstads kommun,56.0721273,14.0859752
Föllinge,Krokoms kommun,63.6722856,14.6159616
Förslöv,Båstads kommun,56.3532798,12.8173917
Gagnef,Gagnefs kommun,60.4569095,14.8668275653807
Gamleby,Västerviks kommun,57.8998238,16.4082564
Gammelgården,Kalix kommun,65.8819648,23.0411935
Gantofta,Helsingborgs kommun,55.9874622,12.8019646
Garpenberg,Hedemora kommun,60.3116716,16.195085
Garphyttan,Örebro kommun,59.3022042,14.949523
Gemla,Växjö kommun,56.8700366,14.6489037
Genarp,Lunds kommun,55.5995193,13.3995293
Genevad,Laholms kommun,56.5690841,13.0328835
Gessie Villastad,Vellinge kommun,55.4974,12.956839
Gesunda,Mora kommun,60.8870179,14.550466
Getinge,Halmstads kommun,56.8201291,12.732667
Getterön,Varbergs kommun,57.1200025,12.2123793
Gideå,Örnsköldsviks kommun,63.4794032,18.9768347
Gimo,Östhammars kommun,60.167736,18.1886179
Gislaved,Gislaveds kommun,57.29307215,13.4922298881158
Gissebo,Jönköpings kommun,57.8383411,14.272612
Gistad,Linköpings kommun,58.45810665,15.9274067926262
Gladö kvarn,Huddinge kommun,59.19090085,17.9823306883411
Glanshammar,Örebro kommun,59.3183265,15.4005574
Glava,Arvika kommun,59.554853,12.5609022
Glemmingebro,Ystads kommun,55.451134,14.0237947
Glimåkra,Östra Göinge kommun,56.3037116,14.1338285
Glommen,Falkenbergs kommun,56.932469,12.3645068
Glommersträsk,Arvidsjaurs kommun,65.2608365,19.6350222
Glumslöv,Landskrona kommun,55.9416984,12.8104863
Glömminge,Mörbylånga kommun,56.7182677,16.5348815
Gnarp,Nordanstigs kommun,62.0489288,17.2545182
Gnesta,Gnesta kommun,59.0486637,17.3125489
Gnosjö,Gnosjö kommun,57.35856515,13.7882147077848
Gonäs,Ludvika kommun,60.1477158,15.092607
Gottne,Örnsköldsviks kommun,63.4309355,18.4247915
Granby,Sigtuna kommun,59.6575628,17.632342
Granö,Vindelns kommun,59.56150615,18.7640905113501
Graversfors,Norrköpings kommun,58.6968323,16.1500961
Grebbestad,Tanums kommun,58.6919375,11.2531417
Grebo,Åtvidabergs kommun,58.3021427,15.8716716
Grevie,Båstads kommun,55.6224874,13.197019
Grillby,Enköpings kommun,59.6254629,17.2590923
Grimslöv,Alvesta kommun,56.7388938,14.542548
Grimstorp,Nässjö kommun,57.4998598,14.4424295
Grimsås,Tranemo kommun,57.4848482,13.5519542
Gripenberg,Tranås kommun,57.9932789,14.8532533
Grisslehamn,Norrtälje kommun,60.0981769,18.8058527
Gropen,Lekebergs kommun,59.1620627,14.8305666
Grums,Grums kommun,59.3987245,13.0346488684622
Grundsund,Lysekils kommun,58.2133642,11.4192441
Grycksbo,Falu kommun,60.6892908,15.4875998
Grytgöl,Finspångs kommun,58.8018612,15.555081
Grythyttan,Hällefors kommun,59.7056246,14.5367071
Gryt,Valdemarsviks kommun,59.2137396,15.2584518
Gråbo,Lerums kommun,57.838561,12.2991979
Gräddö,Norrtälje kommun,59.7641685,19.0321376
Gräfsnäs,Alingsås kommun,58.0810509,12.492747
Grängesberg,Ludvika kommun,60.0751646,15.0067482
Grängesberg västra,Ludvika kommun,60.0751646,15.0067482
Gränna,Jönköpings kommun,58.0250583,14.4673146
Gränum,Olofströms kommun,56.2298724,14.6065541
Grästorp,Grästorps kommun,58.3288069,12.625973119355
Grödby,Nynäshamns kommun,56.0829608,14.5223607
Gualöv,Bromölla kommun,56.0481919,14.4198412
Gubbo,Smedjebackens kommun,60.3607095,17.4634893
Gudhem,Falköpings kommun,58.2269171,13.5671021
Gullbrandstorp,Halmstads kommun,56.7029521,12.7352163
Gullbranna,Halmstads kommun,56.5903297,12.9471424
Gulleråsen,Rättviks kommun,61.0597037,15.1855802
Gullringen,Vimmerby kommun,57.8000572,15.717278
Gullspång,Gullspångs kommun,58.9253703,14.130022073047
Gunnarskog,Arvika kommun,59.8135289,12.5723322
Gunnebo,Västerviks kommun,57.7224214,16.5275032
Gunsta,Uppsala kommun,59.8541639,17.8336423
Gusselby,Lindesbergs kommun,59.6453751,15.2185354
Gustavsberg,Värmdö kommun,59.3256235,18.388514
Gusum,Valdemarsviks kommun,58.2733429,16.5015962
Gyttorp,Nora kommun,59.504923,14.9666246
Gånghester,Borås kommun,57.701552,13.0235957
Gårdby,Mörbylånga kommun,56.6043533,16.6425597
Gårdskär,Älvkarleby kommun,59.22389205,14.0591197190203
Gårdstånga,Eslövs kommun,55.7641957,13.3224966
Gåvsta,Uppsala kommun,59.9426901,17.8755705
Gäddede,Strömsunds kommun,64.5027893,14.1461393
Gällivare,Gällivare kommun,67.135243,20.6604843
Gällstad,Ulricehamns kommun,57.6690559,13.4331892
Gällö,Bräcke kommun,62.9183798,15.2494293
Gängletorp,Karlskrona kommun,56.1708369,15.7399404
Gärds Köpinge,Kristianstads kommun,55.9463873,14.1560242
Gärsnäs,Simrishamns kommun,55.5459169,14.1853336
Gävle,Gävle kommun,60.6750132,17.1467019
Göta,Lilla Edets kommun,57.7125169,12.927321
Göteborg,Göteborgs kommun,57.7072326,11.9670171
Götene,Götene kommun,58.5280626,13.4921229
Götlunda,Arboga kommun,59.3541468,15.6677162
Habo,Habo kommun,57.97517485,14.0658197754025
Hackås,Bergs kommun,62.9239388,14.5186954
Haga,Enköpings kommun,57.6983524,11.9558136
Hagby,Kalmars kommun,59.800636,17.3762116
Hagfors,Hagfors kommun,60.0879941,13.6465853375158
Hagge,Smedjebackens kommun,60.1245515,15.2812628
Hagryd-Dala,Kungsbacka kommun,57.5302039,11.9760544
Hakkas,Gällivare kommun,66.9164587,21.566148
Hallabro,Ronneby kommun,56.3901626,15.1026861
Halla Heberg,Kungsbacka kommun,57.4652848,11.9881661
Hallen,Åre kommun,57.7169595,12.3885437
Hallsberg,Hallsbergs kommun,58.9931311,15.3277300968136
Hallstahammar,Hallstahammars kommun,59.6134488,16.2301613
Hallstavik,Norrtälje kommun,60.0517603,18.5970171
Halltorp,Kalmars kommun,56.4997087,16.1030741
Halmstad,Halmstads kommun,56.6739826,12.8574827
Halvarsgårdarna,Borlänge kommun,60.4059609,15.3867427
Hamburgsund,Tanums kommun,58.5536092,11.2736858
Hammar,Askersunds kommun,56.0319891,14.204713
Hammarby,Sandvikens kommun,59.8193917,17.7821886
Hammar,Kristianstads kommun,56.0319891,14.204713
Hammarslund,Kristianstads kommun,56.0178639,14.1933142
Hammarstrand,Ragunda kommun,63.1085771,16.3558429
Hammenhög,Simrishamns kommun,55.5032469,14.1521443
Hammerdal,Strömsunds kommun,63.5824698,15.3541733
Hampetorp,Örebro kommun,59.1400685,15.6683533
Hanaskog,Östra Göinge kommun,56.1590645,14.0934119
Haparanda,Haparanda kommun,65.835667,24.1357213
Harads,Bodens kommun,66.0885158,20.9441733
Hara,Östersunds kommun,63.0392511,14.4627053
Harbo,Heby kommun,60.1083678,17.2099617
Hargshamn,Östhammars kommun,60.1677683,18.4849255
Harkie,Västerås kommun,59.5318908,16.714112
Harlösa,Eslövs kommun,55.7176112,13.5256101
Harmånger,Nordanstigs kommun,61.9276307,17.2173659
Harplinge,Halmstads kommun,56.7443478,12.7249152
Hassela,Nordanstigs kommun,62.1082589,16.7114675
Hasselfors,Laxå kommun,59.0834596,14.6549909
Hasslarp,Helsingborgs kommun,56.1373044,12.8134488
Hasslö,Karlskrona kommun,56.1097719,15.4659594446286
Hasslöv,Laholms kommun,56.4130867,13.006068
Havdhem,Gotlands kommun,57.1616007,18.3320376
Haverdal,Halmstads kommun,56.7280834,12.6714242
Heberg,Falkenbergs kommun,56.8808207,12.6281351
Heby,Heby kommun,60.0664539,17.0072212020477
Hedared,Borås kommun,57.8085914,12.7527785
Hede,Härjedalens kommun,57.5005631,12.5415709
Hedekas,Munkedals kommun,58.6449936,11.7800371
Hedemora,Hedemora kommun,60.2785997,15.9870293
Hedenäset,Övertorneå kommun,66.2355171,23.6779344
Hedeskoga,Ystads kommun,55.4511826,13.7973243
Hedesunda,Gävle kommun,60.3940251,17.006446
Hedkärra,Fagersta kommun,59.97604,15.743986
Hedlunda,Lycksele kommun,64.0202413,19.9020919
Helgered,Göteborgs kommun,57.6964932,12.2558426
Helsingborg,Helsingborgs kommun,56.0441984,12.7040684
Hemavan,Storumans kommun,65.8152777,15.08528
Hemmingsmark,Piteå kommun,65.2229514,21.2823411
Hemse,Gotlands kommun,57.2401493,18.3800194
Hemsjö,Alingsås kommun,57.8445286,12.4772002
Henån,Orust kommun,58.2361634,11.6793381
Herrljunga,Herrljunga kommun,58.00918415,13.157048113265
Herrskog,Kramfors kommun,62.9166,18.0276863
Herräng,Norrtälje kommun,60.1294737,18.647286
Herstadberg,Norrköpings kommun,58.628076,16.1753196
Hestra,Gislaveds kommun,57.7826718,14.4699318
Hestra,Ydre kommun,57.7826718,14.4699318
Hillared,Svenljunga kommun,57.6331988,13.1616838
Hillerstorp,Gnosjö kommun,57.3144769,13.8912871
Hillsta och Se,Sandvikens kommun,62.4279593,17.4151097
Himle,Varbergs kommun,57.073175,12.3667501
Hindås,Härryda kommun,57.7028166,12.4511882
Hishult,Laholms kommun,56.4282532,13.3122044
Hissjö,Umeå kommun,63.9395184,20.1563039
Hissmofors,Krokoms kommun,63.3197269,14.4580355
Hittarp,Helsingborgs kommun,56.0983313,12.6388067
Hjo,Hjo kommun,58.26852135,14.2801762879074
Hjorted,Västerviks kommun,57.6205904,16.3030101
Hjortkvarn,Hallsbergs kommun,58.9005609,15.4344844
Hjortnäs,Leksands kommun,60.7949183,14.9674658
Hjortsberga,Alvesta kommun,56.9142971,14.453907
Hjälmared,Alingsås kommun,57.5418256,12.1511214
Hjälm,Kungsbacka kommun,58.086516,11.601715
Hjältevad,Eksjö kommun,57.6291005,15.3431874
Hjärnarp,Ängelholms kommun,56.3168621,12.9178435
Hjärsås,Östra Göinge kommun,56.2078662,14.1479642
Hjärtum,Lilla Edets kommun,58.1800719,12.1085224
Hjärup,Staffanstorps kommun,55.6698487,13.1399724
Hofors,Hofors kommun,60.4854704,16.4535389582223
Hofterup,Kävlinge kommun,55.7983323,12.976774
Hogstad,Mjölby kommun,58.3307684,15.0261941
Hogstorp,Uddevalla kommun,58.3964735,11.7577872
Hok,Vaggeryds kommun,57.5172107,14.2744352
Holmeja,Svedala kommun,55.5549328,13.273687
Holm,Halmstads kommun,62.67957875,16.5297603399097
Holmsjö,Karlskrona kommun,56.4202517,15.538952
Holmsund,Umeå kommun,63.7081736,20.3730033
Holsbybrunn,Vetlanda kommun,57.4372796,15.1995143
Holsljunga,Svenljunga kommun,57.4133222,12.9735956
Horda,Värnamo kommun,57.0373677,14.2582154
Horla,Vårgårda kommun,57.9677284,12.7282506
Horndal,Avesta kommun,60.291412,16.4021853
Horn,Kinda kommun,58.5238343,13.8927619
Horred,Marks kommun,57.3585489,12.4729595
Hortlax,Piteå kommun,65.2801433,21.403477
Hoting,Strömsunds kommun,64.115163,16.2025083
Hova,Gullspångs kommun,58.8578203,14.2175182
Hoverberg,Bergs kommun,62.8111515,14.4423368
Hovid,Sundsvalls kommun,62.4715054,17.4008502075833
Hovmantorp,Lessebo kommun,56.7894229,15.1346655
Hovsta,Örebro kommun,59.3465704,15.2273922
Huaröd,Kristianstads kommun,55.8403682,13.9682705
Hudiksvall,Hudiksvalls kommun,61.7282737,17.1047086
Hultafors,Bollebygds kommun,57.6958035,12.7344574
Hult,Eksjö kommun,58.5361573,15.6905627
Hultsfred,Hultsfreds kommun,57.3947935,15.7751611195776
Hulu,Ulricehamns kommun,57.1611909,14.9241044
Hummelsta,Enköpings kommun,59.6257233,16.9485569
Hunnebostrand,Sotenäs kommun,58.4412391,11.3010823
Hunnestad,Varbergs kommun,57.1006569,12.3557667
Hurva,Eslövs kommun,55.7960077,13.438365
Husum,Örnsköldsviks kommun,63.3333856,19.1619443
Hybo,Ljusdals kommun,61.7972106,16.1938299
Hyllinge,Åstorps kommun,56.1053254,12.8693676
Hyltebruk,Hylte kommun,56.9995729,13.2399559
Hyssna,Marks kommun,57.555518,12.5394302
Håbo-Tibble kyrkby,Upplands-Bro kommun,59.5870322,17.6619317
Håga,Uppsala kommun,59.838302,17.5761502
Håksberg,Ludvika kommun,60.185035,15.2041869
Hållsta,Eskilstuna kommun,63.0022284,14.9632022
Hånger,Värnamo kommun,58.2628144,13.5211344
Häggenås,Östersunds kommun,63.3907793,14.8936902
Häljarp,Landskrona kommun,55.8515457,12.9152096
Hällaryd,Karlshamns kommun,57.3396935,14.5681462
Hällberga,Eskilstuna kommun,59.3190953,16.5972121
Hällbybrunn,Eskilstuna kommun,59.3901451,16.4241774
Hällefors,Hällefors kommun,59.7829507,14.5224915
Hälleforsnäs,Flens kommun,59.1513838,16.5000518
Hällekis,Götene kommun,58.6305638,13.4378627
Hällestad,Finspångs kommun,58.1075932,13.2703941
Hällesåker,Mölndals kommun,57.5995742,12.1894996
Hällevadsholm,Munkedals kommun,58.5785545,11.5431532
Hällevik,Sölvesborgs kommun,56.0137816,14.6969686
Hällingsjö,Härryda kommun,57.6182864,12.4359632
Hällnäs,Vindelns kommun,64.3076515,19.623205
Hälsö,Öckerö kommun,57.7348847,11.6524153541053
Häradsbygden,Leksands kommun,60.7022298,15.0471167
Härad,Strängnäs kommun,59.3612881,16.9015677
Härnösand,Härnösands kommun,62.6323084,17.9379914
Härryda,Härryda kommun,57.6691896,12.2959112480538
Härslöv,Landskrona kommun,55.9324062,12.8760237
Hässleholm,Hässleholms kommun,56.157986,13.7653328
Hästhagen,Nacka kommun,60.6807972,16.8268874
Hästholmen,Ödeshögs kommun,56.08589625,15.7565731785106
Hästveda,Hässleholms kommun,56.2845087,13.9363917
Hästängen,Norrtälje kommun,59.2338461,14.5379576
Höganäs,Höganäs kommun,56.2008565,12.5515849
Högboda,Kils kommun,59.5568371,13.0538049
Höggeröd,Orust kommun,58.0007932,11.6557935
Högsby,Högsby kommun,57.1131194,15.8804393240836
Högsjö,Vingåkers kommun,62.7897532,17.8214003841291
Högsäter,Färgelanda kommun,58.6511047,12.0554537
Hökerum,Ulricehamns kommun,57.8386638,13.2862219
Hökåsen,Västerås kommun,57.7525356,12.9909573
Hököpinge,Vellinge kommun,55.4933385,13.0087875
Höllviken,Vellinge kommun,55.4137626,12.9632315
Hölö,Södertälje kommun,59.025492,17.5355529
Hönö,Öckerö kommun,57.6903138,11.6520508673869
Hörby,Hörby kommun,55.8540136,13.6633304
Hörja,Hässleholms kommun,56.2056681,13.5997505
Hörnefors,Umeå kommun,63.6278566,19.9140962
Hörvik,Sölvesborgs kommun,56.0404961,14.7651903
Höviksnäs,Tjörns kommun,58.0332444,11.7483502
Höör,Höörs kommun,55.9332915,13.5453834
Idkerberget,Borlänge kommun,60.3805125,15.2330088
Idre,Älvdalens kommun,61.8584278,12.7168462
Igelfors,Finspångs kommun,58.8455279,15.6969525
Igelstorp,Skövde kommun,58.3987043,13.9784076
Iggesund,Hudiksvalls kommun,61.6429635,17.0781216
Ilsbo,Nordanstigs kommun,61.8586341,17.0509858
Immeln,Östra Göinge kommun,56.2060543,14.2489481
Indal,Sundsvalls kommun,62.6096795,17.0203010128451
Ingared,Alingsås kommun,57.8504205,12.4584768
Ingatorp,Eksjö kommun,58.262271,13.5484438
Ingelstad,Växjö kommun,56.7408573,14.9290015
Ingelsträde,Höganäs kommun,56.1851358,12.6329732
Innertavle,Umeå kommun,63.8138079,20.4190652
Insjön,Leksands kommun,60.6794193,15.0923237
Inskogen,Oxelösunds kommun,58.6878273,17.044937
Irsta,Västerås kommun,59.6025564,16.6937073
Johannesudd,Vallentuna kommun,59.5516179,18.0309718
Johannishus,Ronneby kommun,56.2268578,15.4205483
Johansfors,Emmaboda kommun,56.8386732,12.9794403
Jokkmokk,Jokkmokks kommun,66.6058539,19.8379317
Jonsered,Partille kommun,57.7469786,12.1712604
Jonslund,Essunga kommun,59.1519735,15.3226106
Jonstorp,Höganäs kommun,58.0125248,14.5906301
Jordbro,Haninge kommun,59.1423991,18.1317918
Jukkasjärvi,Kiruna kommun,67.8503783,20.6053047
Jung,Vara kommun,59.6916788,17.0434939
Junosuando,Pajala kommun,67.428291,22.5114178
Junsele,Sollefteå kommun,63.7989589,16.921770689341
Juoksengi,Övertorneå kommun,66.5576403,23.8323445
Jäderfors,Sandvikens kommun,60.6627275,16.6978946
Jälla,Uppsala kommun,59.9048502,17.7166773
Jämjö,Karlskrona kommun,56.1908483,15.8403497
Jämshög,Olofströms kommun,56.2412875,14.5319796
Jämtön,Luleå kommun,65.8537611,22.4982017
Järavallen,Kävlinge kommun,55.7927107,12.9504753
Järbo,Sandvikens kommun,60.7199303,16.5972163
Järlåsa,Uppsala kommun,59.8869071,17.2005551
Järna,Södertälje kommun,59.0913404,17.5651066
Järna,Vansbro kommun,59.0913404,17.5651066
Järnforsen,Hultsfreds kommun,57.4084734,15.6210714
Järpen,Åre kommun,63.348376,13.4636687
Järpås,Lidköpings kommun,58.3801109,12.9725436
Järvsö,Ljusdals kommun,61.7158943,16.1693209
Jättendal,Nordanstigs kommun,61.9781211,17.2433292
Jävre,Piteå kommun,65.1543218,21.4986978
Jönköping,Jönköpings kommun,57.7814709,14.1627579
Jönåker,Nyköpings kommun,58.7469271,16.7250956
Jörlanda,Stenungsunds kommun,57.9863933,11.8311444
Jörn,Skellefteå kommun,65.0576461,20.0412648
Jössefors,Arvika kommun,59.673429,12.504671
Kalix,Kalix kommun,65.7712846,23.1302285096864
Kalkudden,Strängnäs kommun,59.2650522,17.2829328
Kallax,Luleå kommun,65.5245736,22.0592544
Kallfors,Södertälje kommun,63.5328834,19.1162729
Kallinge,Ronneby kommun,56.2456106,15.2872377
Kalmar,Kalmars kommun,56.6628826,16.3662382
Kalvsund,Öckerö kommun,57.7089688,11.6809225186667
Kangos,Pajala kommun,67.4845264,22.655664
Karby,Vallentuna kommun,59.9266501,17.8370144
Karesuando,Kiruna kommun,68.4405054,22.4743151
Karlholmsbruk,Tierps kommun,60.5219407,17.6362316
Karlsborg,Karlsborgs kommun,58.5944826,14.5397058282682
Karlshamn,Karlshamns kommun,56.1701723,14.8631279
Karlskoga,Karlskoga kommun,59.3883012,14.5526001064752
Karlskrona,Karlskrona kommun,56.1621073,15.5866422
Karlstad,Karlstads kommun,59.3799132,13.502948
Karlsvik,Luleå kommun,65.5972835,22.0791066
Karungi,Haparanda kommun,66.0445536,23.9530278
Karups sommarby,Sjöbo kommun,55.591988,13.6376485
Kastlösa,Mörbylånga kommun,56.4598385,16.4289537
Katrinedal,Vänersborgs kommun,59.4753158,17.8369474
Katrineholm,Katrineholms kommun,59.0163463,16.3242282570608
Kattarp,Helsingborgs kommun,56.19349115,12.7552867864474
Kaxholmen,Jönköpings kommun,57.8540048,14.3075873
Kebal,Strömstads kommun,58.9525534,11.1529318
Kilafors,Bollnäs kommun,61.228627,16.5671181
Kil,Kils kommun,59.5671073,13.1905446893647
Killeberg,Osby kommun,56.4758692,14.0969548
Kil,Nacka kommun,59.5671073,13.1905446893647
Kilsmo,Örebro kommun,59.0685529,15.5391697
Kimstad,Norrköpings kommun,58.5489217,15.9689066
Kinna,Marks kommun,57.5077648,12.6928229
Kinnared,Hylte kommun,57.0269385,13.110207
Kinnarp,Falköpings kommun,58.0748874,13.5196762
Kinnarumma,Borås kommun,57.5931979,12.8744989
Kiruna,Kiruna kommun,67.8550724,20.2255482
Kisa,Kinda kommun,57.9878205,15.6317674
Kivik,Simrishamns kommun,55.6846354,14.2247727
Kjulaås,Eskilstuna kommun,59.3876975,16.6775496
Klagstorp,Trelleborgs kommun,58.336555,13.8853179
Klevshult,Vaggeryds kommun,57.3551884,14.1013807
Klingsta och Allsta,Sundsvalls kommun,62.328093,17.2083684
Klintehamn,Gotlands kommun,57.3863942,18.2028447
Klippan,Klippans kommun,56.1162737,13.2288564406352
Klippans bruk,Klippans kommun,56.1197909,13.148501
Klockestrand,Kramfors kommun,62.8766042,17.9077555
Klockrike,Motala kommun,58.4965651,15.3383393
Klutmark,Skellefteå kommun,64.7295208,20.7165935
Klågerup,Svedala kommun,55.5942535,13.2490081
Klädesholmen,Tjörns kommun,57.9441094,11.5382624355699
Kläppa,Kungsbacka kommun,57.3636529,12.1417299
Klässbol,Arvika kommun,59.5375698,12.7435751
Klövedal,Tjörns kommun,58.0379725,11.5750784
Klöverträsk,Luleå kommun,65.6380133,21.3920092
Klövsjö,Bergs kommun,62.5278287,14.1971946
Knislinge,Östra Göinge kommun,56.1942022,14.0851389
Knivsta,Knivsta kommun,59.7439231,17.8162043005189
Knutby,Uppsala kommun,59.9096861,18.2660339
Knäred,Laholms kommun,56.5202391,13.3166881
Kode,Kungälvs kommun,57.943903,11.8508131
Kolbäck,Hallstahammars kommun,59.5624814,16.235983
Kolsva,Köpings kommun,59.5998419,15.8440006
Konga,Tingsryds kommun,56.4979179,15.1215247
Kopparberg,Ljusnarsbergs kommun,59.8745061,14.9903848
Kopparmora,Värmdö kommun,59.3358333,18.565
Kopparnäs,Piteå kommun,65.404689,21.4785043
Koppom,Eda kommun,59.7031557,12.1494597
Korpilombolo,Pajala kommun,66.8504323,23.0562683
Korsberga,Hjo kommun,57.172659,15.6462349
Korsberga,Vetlanda kommun,57.172659,15.6462349
Korsträsk,Älvsbyns kommun,65.6681901,20.8673549
Kortebo,Jönköpings kommun,57.8148759,14.1454197
Koskullskulle,Gällivare kommun,67.1859642,20.7386656
Kosta,Lessebo kommun,56.8475419,15.3940822
Kovikshamn,Kungälvs kommun,57.8417154,11.6865374
Kovland,Sundsvalls kommun,62.4709361,17.1552978
Kramfors,Kramfors kommun,62.9306117,17.7839901
Krika,Klippans kommun,56.0951098,13.1451294
Kristdala,Oskarshamns kommun,57.4005671,16.1974346
Kristianstad,Kristianstads kommun,56.0293778,14.1566859
Kristinehamn,Kristinehamns kommun,59.3113619,14.11176
Kristvallabrunn,Nybro kommun,56.7777665,16.0533267
Krokek,Norrköpings kommun,58.6749809,16.3657361
Krokom,Krokoms kommun,63.802225,14.1808837031191
Krylbo,Avesta kommun,60.1274348,16.2117797
Krägga,Håbo kommun,59.6060417,17.4047549
Kränge,Linköpings kommun,58.4409327,15.4688025
Kullersta,Eskilstuna kommun,59.4490476,16.5310148
Kulltorp,Gnosjö kommun,59.9148518,16.2506724
Kullö,Vaxholms kommun,59.4139616,18.3048337854339
Kumla,Kumla kommun,59.11742395,15.109026021397
Kungsberga,Ekerö kommun,59.4059677,17.6279524
Kungsgården,Sandvikens kommun,61.3654826,16.9478601
Kungshamn,Sotenäs kommun,58.3608171,11.2511421
Kungshult,Eslövs kommun,56.1022612,12.6958009
Kungsängen,Upplands-Bro kommun,59.4786677,17.7511698
Kungsäter,Varbergs kommun,57.3058172,12.5648801
Kungsör,Kungsörs kommun,59.4139718,16.0877523134328
Kungälv,Kungälvs kommun,57.8707862,11.9788622
Kurland,Trelleborgs kommun,55.3769753,13.084278
Kurveröd,Uddevalla kommun,58.3635977,11.8904819
Kusmark,Skellefteå kommun,64.87881,20.79953
Kuttainen,Kiruna kommun,68.3816797,22.8260798
Kvarsebo,Norrköpings kommun,58.6407701,16.6285245
Kvegerö,Nyköpings kommun,58.9274959,17.3694690162869
Kvibille,Halmstads kommun,56.7832272,12.8322062
Kvicksund,Västerås kommun,59.4576443,16.3144858
Kvidinge,Åstorps kommun,56.1353659,13.0449906
Kvillsfors,Vetlanda kommun,57.4030878,15.4977281
Kvissleby,Sundsvalls kommun,62.2992159,17.3799761
Kvänum,Vara kommun,58.3014307,13.1865957
Kvärlöv,Landskrona kommun,55.8394393,12.9865696
Kyrkesund,Tjörns kommun,58.015795,11.5149447
Kyrkheddinge,Staffanstorps kommun,55.6491407,13.2680066
Kyrkhult,Olofströms kommun,55.8324247,13.7247349
Kyrksten,Storfors kommun,59.4376662,14.3929463
Kågeröd,Svalövs kommun,55.999056,13.0883139
Kåge,Skellefteå kommun,64.8351736,20.9848115
Kåhög,Partille kommun,57.7504212,12.1515885
Kållekärr,Tjörns kommun,58.0260513,11.6601067
Kånna,Ljungby kommun,56.7818054,13.9039445
Kårsta,Vallentuna kommun,59.6575031,18.2747011
Kälarne,Bräcke kommun,62.9792215,16.0858247
Källby,Götene kommun,58.509551,13.3073862
Källhagen,Gävle kommun,60.6987601,17.1949256
Källö-Knippla,Öckerö kommun,57.75316775,11.6510505665441
Kärda,Värnamo kommun,57.1712951,13.9213523
Kärna,Kungälvs kommun,58.4102213,15.5102596082413
Kärsta,Västerås kommun,59.6791315,16.8378084
Kättilsmåla,Karlskrona kommun,56.2691774,15.7364839
Kättilstorp,Falköpings kommun,56.8251676,14.7774833
Kävlinge,Kävlinge kommun,55.7912944,13.1073471
Köinge,Falkenbergs kommun,57.0642098,12.6451743
Köpingebro,Ystads kommun,55.4524524,13.9354174
Köping,Köpings kommun,59.579954,15.8790217384978
Köpmanholmen,Örnsköldsviks kommun,63.1694675,18.5546217
Lagan,Ljungby kommun,57.238215,14.0699778
Laggarberg,Timrå kommun,62.4641772,17.2586889
Laholm,Laholms kommun,56.5126522,13.0446382
Lammhult,Växjö kommun,57.1689031,14.5805595
Landeryd,Hylte kommun,57.077553,13.2660962
Landfjärden,Nynäshamns kommun,59.035934,17.9891558
Landsbro,Vetlanda kommun,57.3696208,14.9013204
Landskrona,Landskrona kommun,55.8698007,12.8296734
Landvetter,Härryda kommun,57.6852934,12.2234909
Lanesund och Överby,Uddevalla kommun,58.3400466,11.7285306
Lanna,Värnamo kommun,57.2235168,13.7776472
Larv,Vara kommun,58.1889685,13.1264415
Latorpsbruk,Örebro kommun,59.2755328,14.9876045
Laxvik,Halmstads kommun,56.5973522,12.9270603
Laxå,Laxå kommun,58.98295455,14.6197798011848
Lekeryd,Jönköpings kommun,57.773366,14.418215
Leksand,Leksands kommun,60.72476845,14.8684614273545
Lenhovda,Uppvidinge kommun,56.9977705,15.2849478
Lerbäckshult,Ängelholms kommun,56.3352593,12.9730612
Lerdala,Skövde kommun,58.4770429,13.7090346
Lerum,Lerums kommun,57.7699471,12.268929
Lesjöfors,Filipstads kommun,59.97628,14.1840612
Lessebo,Lessebo kommun,56.7566248,15.2679505
Liatorp,Älmhults kommun,56.6632353,14.2658727
Lidatorp och Klövsta,Nynäshamns kommun,58.9580902,17.906444
Liden,Sundsvalls kommun,62.6990099,16.8035243
Lidhult,Ljungby kommun,56.8275785,13.4405395
Lidingö,Lidingö kommun,59.3643845,18.133142
Lidköping,Lidköpings kommun,58.56824765,13.0098906961487
Lidköping norra,Lidköpings kommun,58.56824765,13.0098906961487
Lilla Edet,Lilla Edets kommun,58.1572113,12.0816307414463
Lilla Edet västra,Lilla Edets kommun,58.1572113,12.0816307414463
Lilla Harrie,Kävlinge kommun,55.792753,13.2027511
Lilla Stenby,Ekerö kommun,59.3847641,17.5246397
Lilla Tjärby,Laholms kommun,56.5272498,13.0565911
Lillhaga,Ljusdals kommun,61.8327702,16.0579985
Lillhärdal,Härjedalens kommun,61.8510454,14.0683308
Lillkyrka,Enköpings kommun,58.499803,15.9034974378715
Lillpite,Piteå kommun,65.3739968,21.1513549
Limedsforsen,Malung-Sälens kommun,60.889845,13.3957344
Limmared,Tranemo kommun,57.5373883,13.3565985
Linderöd,Kristianstads kommun,55.9330726,13.8237564
Lindesberg,Lindesbergs kommun,59.5930569,15.2264966
Lindholmen,Vallentuna kommun,56.1518289,15.5850139335191
Lindsdal,Kalmars kommun,56.7339269,16.2974333
Lindö,Norrköpings kommun,56.6732531,16.3614887905866
Lingbo,Ockelbo kommun,61.0488035,16.6941699
Linghed,Falu kommun,60.78361,15.8604354
Linghem,Linköpings kommun,58.4290823,15.7871809
Linköping,Linköpings kommun,58.4098135,15.6245252
Linneryd,Tingsryds kommun,56.6608453,15.1245726
Listerby,Ronneby kommun,56.1964035,15.4022684
Lit,Östersunds kommun,63.3166572,14.8499459
Ljunga,Norrköpings kommun,58.577125,16.3076375
Ljungbyhed,Klippans kommun,56.0744425,13.2335627
Ljungbyholm,Kalmars kommun,56.6339754,16.1683753
Ljungby,Ljungby kommun,56.8325886,13.9359916
Ljungsarp,Tranemo kommun,57.5651043,13.5833308
Ljungsbro,Linköpings kommun,58.5081326,15.5026182
Ljungskile,Uddevalla kommun,58.2246504,11.9198287
Ljusdal,Ljusdals kommun,61.8293755,16.0953598
Ljusfallshammar,Finspångs kommun,58.7881097,15.4937053
Ljusne,Söderhamns kommun,61.2136308,17.1281545
Ljusterö Nolsjö,Österåkers kommun,59.5311463,18.6182478
Loftahammar,Västerviks kommun,57.9043481,16.6931184
Lomma,Lomma kommun,55.6745348,13.0708928
Los,Ljusdals kommun,61.7365134,15.1692093
Lotorp,Finspångs kommun,58.7341005,15.8276847
Lottefors,Bollnäs kommun,61.4193194,16.4074731
Lucksta,Sundsvalls kommun,62.30151575,17.0519306804062
Luddingsbo,Söderköpings kommun,58.507934,16.1375394
Ludvika,Ludvika kommun,60.1503771,15.1813989
Lugnet och Skälsmara,Värmdö kommun,59.2558703,18.5356274
Lugnvik,Kramfors kommun,57.7668889,12.2163011
Lugnås,Mariestads kommun,58.6440231,13.6999699
Luleå,Luleå kommun,65.5831352,22.1460134
Lundby,Kungälvs kommun,59.6712307,17.0474323
Lunde,Kramfors kommun,61.9741378,17.2415517
Lund,Lunds kommun,55.7029296,13.1929449
Lundsbrunn,Götene kommun,58.4715912,13.4452633
Lunnarp,Tomelilla kommun,55.5438948,14.0407163
Lunne,Östersunds kommun,63.7847325,17.6576206
Lurudden,Ekerö kommun,59.2746859,17.7082601
Lycksele,Lycksele kommun,64.5958617,18.6777559
Lycksta,Västerås kommun,59.695182,16.5679652
Lyrestad,Mariestads kommun,58.8036306,14.0591279
Lysekil,Lysekils kommun,58.291426,11.329568260226
Lysvik,Sunne kommun,60.0152729,13.132996
Långared,Alingsås kommun,58.0453328,12.5206692
Långasjö,Emmaboda kommun,56.4294535,15.4614716
Långsele,Sollefteå kommun,63.18511545,17.056398143243
Långshyttan,Hedemora kommun,60.4517732,16.0323485
Långviksmon,Örnsköldsviks kommun,63.6314771,18.6984028
Långvik,Värmdö kommun,65.4164755,21.8505865
Långås,Falkenbergs kommun,56.9791321,12.4479076
Läby,Uppsala kommun,60.0884261,17.5553792
Läckeby,Kalmars kommun,56.7829083,16.294941
Länghem,Tranemo kommun,57.6011776,13.2428893
Länna,Uppsala kommun,59.8788544,17.9660699
Läppe,Vingåkers kommun,59.1295614,15.7999666
Lärbro,Gotlands kommun,57.7851621,18.7906376
Löberöd,Eslövs kommun,55.7756778,13.5149085
Löddeköpinge,Kävlinge kommun,55.7632132,13.0003944
Löderup,Ystads kommun,55.438801,14.1137064
Lödöse,Lilla Edets kommun,58.033758,12.1545711
Lögdeå,Nordmalings kommun,63.5492584,19.3905145
Lönsboda,Osby kommun,56.3985844,14.3213269
Lörby,Sölvesborgs kommun,56.0712595,14.6964984
Löttorp,Borgholms kommun,57.1661167,16.9964945
Löwenströmska lasarettet,Upplands Väsby kommun,59.5417991,17.9164152
Lövestad,Sjöbo kommun,55.6522808,13.8919613
Lövstalöt,Uppsala kommun,59.9587161,17.5775461
Lövånger,Skellefteå kommun,64.3687534,21.3135172
Madängsholm,Tidaholms kommun,58.1404091,13.9210672
Magra,Alingsås kommun,58.1131511,12.6233507
Mala,Hässleholms kommun,56.2410042,13.7115318
Malmberget västra,Gällivare kommun,67.1761182,20.6589359
Malmberget östra,Gällivare kommun,67.1761182,20.6589359
Malmbäck,Nässjö kommun,56.8409543,14.0493873
Malmen,Västerås kommun,57.0148906,16.2199519
Malmköping,Flens kommun,59.1331385,16.7255121
Malmslätt,Linköpings kommun,58.4167357,15.516966
Malmö,Malmö kommun,55.6052931,13.0001566
Malmön,Sotenäs kommun,60.58900575,16.7778801277738
Malung,Malung-Sälens kommun,60.6864461,13.7145867
Malungsfors,Malung-Sälens kommun,60.7341695,13.5522349
Malå,Malå kommun,65.2387529,18.7292581749523
Mantorp,Mjölby kommun,58.3543146,15.2884932
Marbäck,Ulricehamns kommun,56.7052002,13.0290414
Margretetorp,Ängelholms kommun,56.3358598,12.8923826
Mariannelund,Eksjö kommun,57.6156893,15.580343
Marieby,Östersunds kommun,63.1166898,14.7230288
Mariefred,Strängnäs kommun,59.2599454,17.2229487
Marieholm,Eslövs kommun,55.8641443,13.1515333
Marielund,Strängnäs kommun,59.838943,17.8705436
Mariestad,Mariestads kommun,58.8009771,13.7516623528949
Markaryd,Markaryds kommun,56.4596131,13.5919834
Marmaskogen,Söderhamns kommun,61.2789535,16.8964023
Marma,Älvkarleby kommun,59.7842453,17.8398202
Marmorbyn,Vingåkers kommun,59.0452398,16.0696967
Marstrand,Kungälvs kommun,57.8867618,11.5887974
Matfors,Sundsvalls kommun,62.3467693,17.0199791
Medle,Skellefteå kommun,64.7452305,20.756741
Medåker,Arboga kommun,59.4515164,15.7547195
Mehedeby,Tierps kommun,60.4459104,17.4039738
Mellansel,Örnsköldsviks kommun,63.4247722,18.3088234
Mellbystrand,Laholms kommun,56.5045979,12.9483913
Mellerud,Melleruds kommun,58.68242915,12.5253135589299
Mellösa,Flens kommun,59.1007331,16.5618499
Merlänna,Strängnäs kommun,59.2807963,16.980532
Mjällby,Sölvesborgs kommun,56.0470837,14.6780277
Mjällom,Kramfors kommun,62.9866904,18.4304287
Mjöbäck,Svenljunga kommun,57.314698,12.8756158
Mjöhult,Höganäs kommun,56.8160971,14.3606477
Mjölby,Mjölby kommun,58.2953913,15.1790644348417
Mjönäs,Hagfors kommun,59.8794529,13.55936
Mockfjärd,Gagnefs kommun,60.5028991,14.9599557
Mogata,Söderköpings kommun,58.4511278,16.4517857
Moheda,Alvesta kommun,57.0043559,14.572811
Mohed,Söderhamns kommun,61.2945405,16.8270511
Moholm,Töreboda kommun,58.6070279,14.0383395
Moliden,Örnsköldsviks kommun,63.3792944,18.4555731
Molkom,Karlstads kommun,59.602235,13.728668
Mollösund,Orust kommun,58.0733134,11.4754999
Mora,Mora kommun,61.0082091,14.5431333
Morgongåva,Heby kommun,59.9337595,16.9626975
Morup,Falkenbergs kommun,56.9792934,12.3959028
Motala,Motala kommun,58.5420395,15.041261
Mullhyttan,Lekebergs kommun,59.1515687,14.6836583
Mullsjö,Mullsjö kommun,57.94232565,13.8166383358514
Munga,Västerås kommun,59.7446617,16.5219601
Munka-Ljungby,Ängelholms kommun,56.2561018,12.9739758
Munkedal,Munkedals kommun,58.60781775,11.672323099723
Munkfors,Munkfors kommun,59.8099551,13.4882320514254
Munktorp,Köpings kommun,59.5325778,16.1342843
Muskö,Haninge kommun,58.99583085,18.1148577704462
Myckle,Skellefteå kommun,64.7530007,20.8431372
Myggenäs,Tjörns kommun,58.0554903,11.7435815
Myresjö,Vetlanda kommun,57.3846614,14.9664363
Myrviken,Bergs kommun,63.0002515,14.3388331
Målilla,Hultsfreds kommun,57.3876016,15.8121695
Målsta,Östersunds kommun,63.1532936,14.5038761
Månkarbo,Tierps kommun,60.2262119,17.4662869
Måttsund,Luleå kommun,65.5441633,21.9025362
Märsta,Sigtuna kommun,59.6252383,17.8515672
Möklinta,Sala kommun,60.0860283,16.5447778
Mölle,Höganäs kommun,56.2827467,12.4983228
Mölltorp,Karlsborgs kommun,58.4943093,14.41381
Mölnbo,Södertälje kommun,59.0486039,17.41531
Mölnlycke,Härryda kommun,57.6583613,12.1135762
Mönsterås,Mönsterås kommun,57.0429558,16.4448013
Mörarp,Helsingborgs kommun,56.0567353,12.877454
Mörbylånga,Mörbylånga kommun,56.5249635,16.3799985
Mörlunda,Hultsfreds kommun,57.3233025,15.8653134
Mörrum,Karlshamns kommun,56.1925169,14.7515218
Mörsil,Åre kommun,63.3098488,13.6573978
Nedansjö,Sundsvalls kommun,62.3764365,16.848226
Nedre Gärdsjö,Rättviks kommun,60.9385784,15.2254729
Nibble,Södertälje kommun,59.0641917,17.6241006
Nikkala,Haparanda kommun,65.8040579,23.9142708
Nissafors,Gnosjö kommun,57.407874,13.6371419
Nitta,Ulricehamns kommun,57.8275888,13.1937728
Njutånger,Hudiksvalls kommun,61.6134857,17.0529067
Nolvik,Göteborgs kommun,57.7772785,11.8315997
Nora,Nora kommun,62.76301345,18.2720286207396
Norberg,Norbergs kommun,60.06174775,15.9549100159866
Nordanö,Avesta kommun,62.7427792,18.1205719
Nordingrå,Kramfors kommun,62.84590425,18.655486760644
Nordkroken,Vänersborgs kommun,58.382685,12.41426
Nordmaling,Nordmalings kommun,63.4755324,19.5484863131267
Nordöstra Göteborg,Göteborgs kommun,57.86171545,11.5172476156328
Norje,Sölvesborgs kommun,56.122104,14.6687451
Norra Bro,Örebro kommun,59.2265849,15.2505183
Norra Lagnö,Värmdö kommun,59.3542595,18.4083463
Norr Amsberg,Borlänge kommun,60.5304723,15.3561558
Norra Muskö,Haninge kommun,58.99583085,18.1148577704462
Norra Riksten,Botkyrka kommun,59.1890715,17.9157077
Norra Rörum,Höörs kommun,56.0176555,13.5075043
Norra Vindö,Värmdö kommun,57.36518285,12.057731486696
Norra Visby,Gotlands kommun,57.6646094,18.332447
Norrfjärden,Piteå kommun,65.4196199,21.5006462
Norr-Hede,Härjedalens kommun,62.4247458,13.5343836
Norrhult-Klavreström,Uppvidinge kommun,57.1275518,15.1621897
Norrköping,Norrköpings kommun,58.5909124,16.1903511
Norrmjöle,Umeå kommun,63.6675284,20.1236303
Norrsundet,Gävle kommun,60.929974,17.1406678
Norrtälje,Norrtälje kommun,59.7591735,18.7037476
Norsbron,Karlstads kommun,59.6878334,14.6164339
Norsholm,Norrköpings kommun,58.5062936,15.974581
Norsjö,Norsjö kommun,64.93630935,19.4762167086367
Nossebro,Essunga kommun,58.1883968,12.7192098
Nusnäs,Mora kommun,60.9625017,14.6461801
Nya Långenäs,Härryda kommun,57.6561382,12.165207
Nyborg,Kalix kommun,59.8372803,17.535841
Nybro,Nybro kommun,56.7452259,15.9061542
Nybrostrand,Ystads kommun,55.433008,13.9502983
Nyehusen,Kristianstads kommun,55.8540108,14.2252624
Nye,Vetlanda kommun,57.3436152,15.2740678
Nygård,Lilla Edets kommun,56.9622633,14.8350245
Nyhammar,Ludvika kommun,60.2924427,14.9696544
Nykil,Linköpings kommun,58.22165015,15.5007006228838
Nykroppa,Filipstads kommun,59.6225277,14.3045532
Nykvarn,Nykvarns kommun,59.1966483,17.3977280943283
Nykyrka,Motala kommun,58.8297871,16.7470256
Nyköping,Nyköpings kommun,58.7544913,17.0118143
Nyland,Kramfors kommun,65.8609684,24.1214863
Nymölla,Bromölla kommun,56.0392881,14.4640354
Nynäshamn,Nynäshamns kommun,58.9056457,17.9470987
Nysättra,Norrtälje kommun,59.8102779,18.8936697
Nås,Vansbro kommun,60.4557881,14.4975126
Nälden,Krokoms kommun,63.3481406,14.2541675
Näs bruk,Avesta kommun,60.1798282,16.4786009
Nässjö,Nässjö kommun,57.6530377,14.6981554
Näsum,Bromölla kommun,56.1726158,14.4988321
Näsviken,Hudiksvalls kommun,63.8515913,15.5354974
Näsviken,Strömsunds kommun,63.8515913,15.5354974
Näsåker,Sollefteå kommun,63.4429444,16.8974861
Nättraby,Karlskrona kommun,56.2059468,15.5304748
Nävekvarn,Nyköpings kommun,58.6300602,16.7966826
Nävragöl,Karlskrona kommun,56.3751722,15.565153
Nöbbele,Växjö kommun,56.6958929,15.0225918
Nödinge-Nol,Ale kommun,57.9068771,12.0601607
Obbola,Umeå kommun,63.7025844,20.3130934
Ockelbo,Ockelbo kommun,60.9197006,16.5426709711809
Odensbacken,Örebro kommun,59.1625391,15.5255268
Odensberg,Falköpings kommun,58.1549293,13.4356621245119
Oknö,Mönsterås kommun,56.9980861,16.5034813095099
Oleby,Torsby kommun,60.1357057,13.036516
Olofstorp,Göteborgs kommun,57.7985526,12.1685918
Olofström,Olofströms kommun,56.2789975,14.5333253
Olsfors,Bollebygds kommun,57.691805,12.6988338
Olshammar,Askersunds kommun,58.7555403,14.7995023
Onsala,Kungsbacka kommun,57.4272188,12.0302702
Onslunda,Tomelilla kommun,55.5984929,14.0502929
Ormaryd,Nässjö kommun,57.6665747,14.83086
Ornäs,Borlänge kommun,60.5101334,15.5385831
Orrefors,Nybro kommun,56.8394787,15.7486171
Orrhammar,Flens kommun,59.08054,16.5635665
Orrviken,Östersunds kommun,63.1063517,14.4371713
Orsa,Orsa kommun,61.1201175,14.6222536
Osbyholm,Hörby kommun,55.8482104,13.6108395
Osby,Osby kommun,56.3827464,13.9932853
Oskarshamn,Oskarshamns kommun,57.2632811,16.4443478
Oskarström,Halmstads kommun,56.8015614,12.976093
Ostvik,Skellefteå kommun,64.881956,21.0638182
Otterbäcken,Gullspångs kommun,58.9437903,14.0393895
Oxelösund,Oxelösunds kommun,58.6700167,17.1040821
Oxie,Malmö kommun,55.5461572,13.0967868
Pajala,Pajala kommun,67.2090363,23.3647298
Parksidan,Ekerö kommun,59.2842215,17.8465631
Pauliström,Vetlanda kommun,57.4688989,15.5093906
Persberg,Filipstads kommun,59.1133641,15.5468079
Pershagen,Södertälje kommun,59.1527988,17.6563315
Perstorp,Perstorps kommun,56.1376968,13.3952814
Persön,Luleå kommun,65.7398285,22.168236
Pilgrimstad,Bräcke kommun,62.9543407,15.0437393
Piperskärr,Västerviks kommun,57.7784912,16.6339946
Piteå,Piteå kommun,65.3134764,21.4899394
Porjus,Jokkmokks kommun,66.9600806,19.8222319
Prästängen,Arvika kommun,59.62146585,17.7067119013706
Pukavik,Sölvesborgs kommun,56.1677157,14.6831242
Påarp,Helsingborgs kommun,56.0317945,12.8156993
Pålsboda,Hallsbergs kommun,59.0651837,15.3373204
Påläng,Kalix kommun,65.8137729,22.8915091
Påryd,Kalmars kommun,56.5680729,15.9265244
Påskallavik,Oskarshamns kommun,57.1629535,16.4594559
Rabbalshede,Tanums kommun,58.6107656,11.4717781
Ramdala,Karlskrona kommun,56.1836461,15.7665043
Ramnäs,Surahammars kommun,59.7761938,16.1978305
Ramsberg,Lindesbergs kommun,59.7685058,15.3002462
Ramsele,Sollefteå kommun,63.538099,16.4686985
Ramstalund,Uppsala kommun,59.798448,17.4428895
Ramvik,Härnösands kommun,62.8168735,17.8654108
Ransta,Sala kommun,59.8114103,16.638089
Rappestad,Linköpings kommun,58.4103351,15.4208730462521
Reftele,Gislaveds kommun,57.1757575,13.592978
Rejmyre,Finspångs kommun,58.8300571,15.9313667
Rengsjö,Bollnäs kommun,61.3627682,16.614325
Repbäcken,Borlänge kommun,60.5157946,15.3442625
Resarö,Vaxholms kommun,59.43078415,18.3332963130285
Revingeby,Lunds kommun,55.72582085,13.4596534404498
Riala,Norrtälje kommun,59.6317192,18.5173729
Riddarhyttan,Skinnskattebergs k.,59.8086479,15.5385979
Rimbo,Norrtälje kommun,59.7453192,18.3601765
Rimforsa,Kinda kommun,58.1378296,15.6762024
Rindö,Vaxholms kommun,59.40183,18.372286
Ringarum,Valdemarsviks kommun,58.3337836,16.4444307
Rinkabyholm,Kalmars kommun,56.6545939,16.2611897
Rinkaby,Kristianstads kommun,55.9821446,14.273104
Risby,Kungälvs kommun,57.8944956,11.8509627
Rishammar,Kungälvs kommun,57.9061843,11.9360179
Risögrund,Kalix kommun,65.81074715,23.244968111893
Robertsfors,Robertsfors kommun,64.1932853,20.8542742
Robertsholm,Hofors kommun,60.5707507,16.2709782
Rockhammar,Lindesbergs kommun,59.5288853,15.4490551
Rockneby,Kalmars kommun,56.8042973,16.349063
Roknäs,Piteå kommun,65.3499329,21.1789931
Rolfs,Kalix kommun,65.8462766,23.1243709
Rolfstorp,Varbergs kommun,57.1452538,12.45987
Romakloster,Gotlands kommun,57.5073932,18.4506134
Romme,Borlänge kommun,60.4425048,15.4827223
Ronnebyhamn,Ronneby kommun,56.1740542,15.2921862
Ronneby,Ronneby kommun,56.2100417,15.2760355
Rosenfors,Hultsfreds kommun,57.3628217,15.8392691
Rosenlund,Tranemo kommun,57.5266612,13.3444779
Rosersberg,Sigtuna kommun,59.5817322,17.8881759
Rossön,Strömsunds kommun,63.92871415,16.3143114877062
Rosvik,Piteå kommun,65.426626,21.692732
Roteberg,Ovanåkers kommun,61.3947768,15.8382787
Rottneros,Sunne kommun,59.7963964,13.1093853
Rottne,Växjö kommun,57.0216769,14.8921004
Rot,Älvdalens kommun,61.256161,14.0381136
Ruda,Högsby kommun,58.98194,15.8638716
Rud,Hammarö kommun,57.786236,13.8653925
Rundvik,Nordmalings kommun,63.5411515,19.4402035
Runemo,Ovanåkers kommun,61.355796,16.1436643
Runtuna,Nyköpings kommun,58.8729859,17.0744307
Rusksele,Lycksele kommun,64.8150667,18.8992626
Rutvik,Luleå kommun,65.6701785,22.0898509
Rya,Härryda kommun,58.0563702,13.3327314
Rydaholm,Värnamo kommun,56.9871882,14.3098574
Ryd,Alingsås kommun,58.2208651,13.3724896
Rydal,Marks kommun,57.556172,12.6936677
Rydboholm,Borås kommun,57.6543359,12.8843624
Rydbo,Österåkers kommun,59.4636266,18.1850248
Rydebäck,Helsingborgs kommun,55.9664444,12.7806774
Ryd,Jönköpings kommun,58.2208651,13.3724896
Rydsgård,Skurups kommun,55.4707894,13.5882902
Rydsnäs,Ydre kommun,57.8000215,15.1465728
Ryd,Tingsryds kommun,58.2208651,13.3724896
Rydöbruk,Hylte kommun,56.9608591,13.1433459
Ryssby,Ljungby kommun,56.8644924,14.1679128
Råby,Håbo kommun,59.8977164,17.6755914
Råda,Hagfors kommun,60.0053678,13.5973937
Råneå,Luleå kommun,65.8560881,22.2899971
Rångedala,Borås kommun,57.7930193,13.1253456
Rånnaväg,Ulricehamns kommun,57.6767437,13.4658773
Rånäs,Norrtälje kommun,59.8031836,18.3012255
Råtorp,Karlstads kommun,59.4105354,13.487439
Rälla,Borgholms kommun,56.7744593,16.5718869
Ränneslöv,Laholms kommun,56.453316,13.076352
Rätan,Bergs kommun,62.4721216,14.5579176
Rättarboda,Upplands-Bro kommun,59.5009882,17.6040742
Rättvik,Rättviks kommun,60.8837542,15.1226783
Rävemåla,Tingsryds kommun,56.5562643,15.2644639
Rävlanda,Härryda kommun,57.6555515,12.4998656
Röbäck,Umeå kommun,63.809335,20.1875226
Röda holme,Kungsbacka kommun,57.3763341,11.9915845
Rödeby,Karlskrona kommun,56.2574322,15.6185471
Rödån,Habo kommun,64.1162371,20.006266
Röke,Hässleholms kommun,56.2359471,13.5226547
Rönneshytta,Askersunds kommun,58.923791,15.03931
Rönnäng,Tjörns kommun,57.9377158,11.5859866
Rörvik,Sävsjö kommun,57.4178429,11.9399656
Rörö,Öckerö kommun,57.78118525,11.6059823124351
Röstånga,Svalövs kommun,56.0006984,13.2912181
Sala,Sala kommun,59.9202268,16.6056444
Salbohed,Sala kommun,59.9117874,16.349275
Saleby,Lidköpings kommun,58.1402546,13.603637
Saltsjöbaden,Nacka kommun,59.2792775,18.3049291
Sandared,Borås kommun,57.7100571,12.7939822
Sandarne,Söderhamns kommun,61.2594925,17.1635332
Sandhem,Mullsjö kommun,58.0126988,13.4994491
Sandhult,Borås kommun,57.7695628,12.820944
Sandskogen,Kävlinge kommun,55.7628818,12.9821922
Sandslån,Kramfors kommun,62.30997365,17.3807289810303
Sandviken,Sandvikens kommun,60.619422,16.7724214
Sandviken,Södertälje kommun,60.619422,16.7724214
Sangis,Kalix kommun,65.8557891,23.4957498
Sankt Olof,Simrishamns kommun,55.636693,14.1292427
Saxdalen,Ludvika kommun,60.1508772,14.9762206
Saxnäs,Mörbylånga kommun,56.6866512,16.4919553
Saxtorpsskogen,Landskrona kommun,55.8289884,12.9421429
Segersta,Bollnäs kommun,61.2666933,16.6450524
Segersäng,Nynäshamns kommun,59.0270207,17.9296523
Segmon,Grums kommun,59.2747878,13.0426532
Selja,Mora kommun,61.0175492,14.4712275
Selånger,Sundsvalls kommun,62.40476735,17.1264844675634
Sennan,Halmstads kommun,56.7741409,12.9790981
Seskarö,Haparanda kommun,65.7264586,23.7313552492188
Sexdrega,Svenljunga kommun,57.5768534,13.1179214
Sibbhult,Östra Göinge kommun,56.2694044,14.1950235
Sibble,Botkyrka kommun,59.1128675,17.7449282
Sibo,Bollnäs kommun,61.2149912,16.602652
Sidensjö,Örnsköldsviks kommun,63.27780475,18.0763995615467
Sifferbo,Gagnefs kommun,60.5575053,15.222898
Sigtuna,Sigtuna kommun,59.6165201,17.7236301
Siljansnäs,Leksands kommun,60.7753921,14.857697
Silverdalen,Hultsfreds kommun,57.5434278,15.7479644
Simlångsdalen,Halmstads kommun,56.7204641,13.1260371
Simonstorp,Norrköpings kommun,58.7861083,16.1545926
Simrishamn,Simrishamns kommun,55.5565541,14.3499903
Sjuhalla,Karlskrona kommun,56.1888994,15.5622809
Sjulsmark,Piteå kommun,65.5198598,21.4915707
Sjunnen,Vetlanda kommun,57.4359875,15.1729096
Sjunnerup,Höörs kommun,56.10569485,12.726249712857
Sjuntorp,Trollhättans kommun,58.1882303,12.2268778
Själsö,Gotlands kommun,57.6959147,18.3603322
Sjöbo,Sjöbo kommun,55.6350867,13.7031168
Sjögestad,Linköpings kommun,58.36154555,15.3698549366556
Sjörröd,Hässleholms kommun,56.2825894,13.9159752
Sjösa,Nyköpings kommun,58.776571,17.086447
Sjöskogen och Strand,Uddevalla kommun,58.2867121,11.830503
Sjötorp,Mariestads kommun,58.837351,13.9800233
Sjövik,Lerums kommun,57.9159324,12.3706097
Skanör med Falsterbo,Vellinge kommun,55.4060076,12.8443425
Skara,Skara kommun,58.3846075,13.4397675
Skarpö,Vaxholms kommun,59.39587445,18.9761778097831
Skattkärr,Karlstads kommun,59.4176868,13.6770962
Skattungbyn,Orsa kommun,61.1857383,14.8481986
Skavkulla och Skillingenäs,Karlskrona kommun,56.1784421,15.5186593
Skebobruk,Norrtälje kommun,59.968548,18.6120159
Skebokvarn,Flens kommun,59.0614824,16.7081053
Skedala,Halmstads kommun,56.693218,12.9738593
Skeda udde,Linköpings kommun,58.2916744,15.559967
Skede,Vetlanda kommun,63.2505415,19.004406
Skedvi kyrkby,Säters kommun,60.4033685,15.8127902
Skee,Strömstads kommun,58.924422,11.2681523
Skegrie,Trelleborgs kommun,55.4063152,13.0823672
Skelleftehamn,Skellefteå kommun,64.6876037,21.2363924
Skellefteå,Skellefteå kommun,64.742143,20.9719237558469
Skepplanda,Ale kommun,57.9825743,12.2124766
Skeppshult,Gislaveds kommun,57.1263567,13.3619513
Skeppsvik,Nyköpings kommun,63.7992658,20.5789101
Skiftinge,Eskilstuna kommun,59.3899157,16.5380671
Skillingaryd,Vaggeryds kommun,57.4289474,14.091985
Skillinge,Simrishamns kommun,55.475713,14.2799186
Skinnskatteberg,Skinnskattebergs k.,59.79257735,15.745683903684
Skivarp,Skurups kommun,55.4246303,13.5697188
Skoby,Östhammars kommun,60.0334244,18.0295079
Skoghall,Hammarö kommun,59.3241856,13.4705229
Skogsby,Mörbylånga kommun,58.7858635,16.3199558
Skottorp,Laholms kommun,56.4500074,12.9616174
Skrea,Falkenbergs kommun,56.8833558,12.5584356
Skruv,Lessebo kommun,57.1587183,15.1648315
Skultorp,Skövde kommun,58.3416215,13.8279906
Skultuna,Västerås kommun,59.7217766,16.4281471
Skumparp,Malmö kommun,55.5388133,12.9667222
Skurup,Skurups kommun,55.4839279,13.5014648
Skutskär,Älvkarleby kommun,60.6352228,17.4092868
Skyttorp,Uppsala kommun,60.0808924,17.7357953
Skålö,Vansbro kommun,60.5638615,14.3015728
Skånes-Fagerhult,Örkelljunga kommun,56.370506,13.4651703
Skåne-Tranås,Tomelilla kommun,55.6140474,13.9937371
Skåpafors,Bengtsfors kommun,59.0228398,12.2890024
Skåre,Karlstads kommun,55.3771333,13.0503299
Skällinge,Varbergs kommun,57.1821685,12.4683439
Skänninge,Mjölby kommun,58.3955804,15.0867705
Skärblacka,Norrköpings kommun,58.5758928,15.9230002
Skärhamn,Tjörns kommun,57.9909221,11.549795
Skärplinge,Tierps kommun,60.4741563,17.7627763
Skärstad,Jönköpings kommun,57.8880913,14.3640361
Sköldinge,Katrineholms kommun,59.0315512,16.4454634
Sköllersta,Hallsbergs kommun,59.1376926,15.3376959
Skölsta,Uppsala kommun,59.8762844,17.7487172
Skörby,Håbo kommun,59.5675374,17.4836128
Skövde,Skövde kommun,58.3898453,13.8443792
Slaka,Linköpings kommun,58.35969695,15.5537178182608
Slite,Gotlands kommun,57.7072207,18.8019196
Slite norra,Gotlands kommun,57.7072207,18.8019196
Slottsbron,Grums kommun,59.323821,13.1041323
Slottsskogen,Håbo kommun,57.6872824,11.9406381083547
Slätthult,Lerums kommun,55.996056,13.8727176
Slöinge,Falkenbergs kommun,56.8551345,12.6908626
Smedby,Kalmars kommun,60.6936382,15.0528409
Smedjebacken,Smedjebackens kommun,60.1414965,15.4151046
Smedseröd,Uddevalla kommun,58.3654305,11.8071516
Smedstorp,Tomelilla kommun,55.5503755,14.1166821
Smygehamn,Trelleborgs kommun,55.3464469,13.374123
Smålandsstenar,Gislaveds kommun,57.162696,13.4115588
Smögen,Sotenäs kommun,58.3536447,11.2261188
Snogeröd,Höörs kommun,55.838666,13.4941583
Snöveltorp,Söderköpings kommun,58.5009429,16.1616048
Solberga,Kungälvs kommun,58.3514152,15.5073044
Solberga,Nässjö kommun,58.3514152,15.5073044
Solberga,Österåkers kommun,58.3514152,15.5073044
Sollebrunn,Alingsås kommun,58.1199996,12.5331113
Sollefteå norra,Sollefteå kommun,63.1680239,17.2654472
Sollefteå,Sollefteå kommun,63.1680239,17.2654472
Sollerön,Mora kommun,60.91329875,14.6157400928211
Solvarbo,Säters kommun,60.3902408,15.6708337
Sommen,Tranås kommun,58.01550215,15.212850755363
Sonstorp,Finspångs kommun,58.7246205,15.6343974
Sorsele,Sorsele kommun,65.5330663,17.536874
Sorunda,Nynäshamns kommun,59.0143842,17.8210502
Sparreholm,Flens kommun,59.0716301,16.8292983
Spekeröd,Stenungsunds kommun,58.0328264,11.8701282
Spillersboda,Norrtälje kommun,59.7028619,18.8563702
Spjutsbygd,Karlskrona kommun,56.3113304,15.5954315
Spjutstorp,Tomelilla kommun,55.5799518,14.0145542
Spångsholm,Mjölby kommun,58.352508,15.2361796
Spånlöt,Österåkers kommun,59.5721331,18.2899622
Staffanstorp,Staffanstorps kommun,55.6427393,13.2113993
Stallarholmen,Strängnäs kommun,59.3612799,17.2071432
Stare,Strömstads kommun,58.9178557,11.2075552
Stava,Österåkers kommun,58.1301479,14.5678889
Stavreviken,Timrå kommun,62.5534981,17.4097038
Stavsjö,Nyköpings kommun,58.7238518,16.4183409
Stavsnäs,Värmdö kommun,59.2882014,18.6917822
Stehag,Eslövs kommun,55.9031519,13.3938667
Stenared,Göteborgs kommun,57.8052437,12.189724
Stenhamra,Ekerö kommun,59.3347494,17.6873646
Steninge,Halmstads kommun,56.7643236,12.6346886
Steningehöjden,Sigtuna kommun,59.6214605,17.7963321
Stenis,Mora kommun,60.9482775,14.4612444
Stensele,Storumans kommun,65.067883,17.1477556
Stensjön,Nässjö kommun,57.5818996,14.8201787
Stenstorp,Falköpings kommun,58.2713175,13.7133276
Stenungsund,Stenungsunds kommun,58.06106395,11.9086315942983
Stenungsön,Stenungsunds kommun,58.0669346,11.8005816855949
Stenåsen,Kils kommun,58.4322342,13.5840215
Sticklinge udde,Lidingö kommun,59.3904876,18.0903821
Stigen,Färgelanda kommun,58.3006696,12.066645
Stigtomta,Nyköpings kommun,58.8027639,16.7853448
Stilleryd,Karlshamns kommun,56.1731491,14.8198856
Stjärnhov,Gnesta kommun,59.080099,17.0136626
Stoby,Hässleholms kommun,56.1755969,13.8279244
Stockamöllan,Eslövs kommun,55.94569,13.3737998
Stocka,Nordanstigs kommun,61.8981992,17.3330136
Stockaryd,Sävsjö kommun,57.3195952,14.5911191
Stockholm,Stockholms kommun,59.3251172,18.0710935
Stockvik,Sundsvalls kommun,62.3478034,17.3648359
Stora Bugärde,Härryda kommun,57.653878,12.3973676
Stora Dyrön,Tjörns kommun,57.92882885,11.6118277127752
Stora Herrestad,Ystads kommun,55.4748918,13.874225
Stora Höga,Stenungsunds kommun,58.0143358,11.8284496
Stora Levene,Vara kommun,58.3255179,12.9235827
Stora Mellby,Alingsås kommun,58.1414682,12.5797853
Stora Mellösa,Örebro kommun,59.2106135,15.4975503
Stora Rör,Borgholms kommun,56.756756,16.5272389
Stora Vika,Nynäshamns kommun,58.955646,17.785737
Storebro,Vimmerby kommun,56.150783,15.3818
Storfors,Storfors kommun,59.4631575,14.2778645739391
Storuman,Storumans kommun,65.443959,15.8323888926482
Storvik,Sandvikens kommun,60.5828533,16.5253652
Storvreta,Uppsala kommun,59.9569381,17.7042096
Storå,Lindesbergs kommun,59.7136,15.1355338
Striberg,Nora kommun,59.5454324,14.941675
Strålsnäs,Boxholms kommun,58.2377247,15.091668
Strångsjö,Katrineholms kommun,58.9053602,16.199816
Stråssa,Lindesbergs kommun,59.7394525,15.2015409
Strängnäs,Strängnäs kommun,59.34960195,17.0813365165345
Strömma,Värmdö kommun,57.564189,12.4579477
Strömsbruk,Nordanstigs kommun,61.8699,17.3171716
Strömsholm,Hallstahammars kommun,59.5237411,16.248736
Strömsnäsbruk,Markaryds kommun,56.552468,13.7319732
Strömstad,Strömstads kommun,58.93815015,11.1787302890367
Strömsund,Strömsunds kommun,63.8516664,15.5582353
Strövelstorp,Ängelholms kommun,56.1661094,12.8375751
Stugun,Ragunda kommun,63.1692628,15.6122872
Sturefors,Linköpings kommun,58.3367408,15.7211576
Sturkö,Karlskrona kommun,56.09867475,15.6647826819199
Styrsö,Göteborgs kommun,57.6094281,11.7821491669222
Stånga,Gotlands kommun,57.2814545,18.4713947
Stångby,Lunds kommun,55.7492797,13.1947805
Ställdalen,Ljusnarsbergs kommun,59.9345543,14.9454438
Stöcke,Umeå kommun,63.7425592,20.231426
Stöcksjö,Umeå kommun,63.7793899,20.1957258
Stöde,Sundsvalls kommun,62.4177768,16.5782727
Stöllet,Torsby kommun,60.4100453,13.26975
Stöpen,Skövde kommun,58.4785273,13.8667206
Sulvik,Arvika kommun,59.6782709,12.4152191
Sundborn,Falu kommun,60.6541762,15.7813205
Sundby,Ekerö kommun,59.2884766,17.7192745
Sundbyholm,Eskilstuna kommun,59.4382728,16.6198714
Sundom,Luleå kommun,65.7721306,22.2643019
Sundsvall,Sundsvalls kommun,62.3907552,17.3071024
Sund,Trosa kommun,57.7774777,14.596108
Sunnansjö,Ludvika kommun,60.2214593,14.960771
Sunnemo,Hagfors kommun,59.8842838,13.7222647
Sunne,Sunne kommun,59.8907658,13.0454215346412
Surahammar,Surahammars kommun,59.707058,16.2219947
Surte,Ale kommun,57.8267626,12.0161635
Svalsta,Nyköpings kommun,58.7430964,16.8751319
Svalöv,Svalövs kommun,55.9136519,13.1069825
Svanberga,Norrtälje kommun,59.8403637,18.6629351
Svanesund,Orust kommun,58.1430369,11.8190628
Svanskog/Svaneholm,Säffle kommun,59.1797936,12.5509624
Svappavaara,Kiruna kommun,67.6469235,21.0554854
Svartbyn,Överkalix kommun,66.2596305,22.8203593
Svartehallen,Stenungsunds kommun,58.118234,11.9579904
Svarte,Ystads kommun,55.4309311,13.7151312
Svartudden,Piteå kommun,58.7329523,11.1723232
Svartå,Degerfors kommun,65.029789,20.7680654
Svedala,Svedala kommun,55.5152421,13.2384358
Sveg,Härjedalens kommun,62.0360709,14.3598392
Svenljunga,Svenljunga kommun,57.4963122,13.1122599
Svensbyn,Piteå kommun,65.310331,21.2346127
Svenshögen,Stenungsunds kommun,58.1446436,11.9383898
Svenstavik,Bergs kommun,62.766806,14.4324223
Svenstorp,Ängelholms kommun,59.1126466,15.3891592
Svinninge,Österåkers kommun,59.449483,18.2835116
Svängsta,Karlshamns kommun,56.2619808,14.7747988
Svärdsjö,Falu kommun,60.7422977,15.9038464
Svärtinge,Norrköpings kommun,58.6502647,16.029186
Sya,Mjölby kommun,58.3347327,15.223077
Sysslebäck,Torsby kommun,60.7304312,12.8711737
Sågmyra,Falu kommun,60.7134001,15.2965407
Säffle,Säffle kommun,59.0727891,13.1630917324505
Sälen,Malung-Sälens kommun,61.1557237,13.2694088
Sälgsjön,Gävle kommun,60.6176055,17.1136047
Särna,Älvdalens kommun,61.6941816,13.1430686
Säter,Säters kommun,60.4142357,15.7372973913191
Sätila,Marks kommun,57.5412344,12.4350893
Sätinge,Kungsbacka kommun,57.4442003,12.1370182
Sätra Brunn,Sala kommun,59.8629032,16.4420517
Sättra,Norrtälje kommun,59.6209324,18.4391347
Sävar,Umeå kommun,63.902075,20.5523163
Sävast,Bodens kommun,65.7616574,21.7510243
Säve,Göteborgs kommun,57.8034878,11.9117067
Sävja,Uppsala kommun,59.8116229,17.7005617
Sävsjö,Sävsjö kommun,57.3172877,14.6127180529765
Söderby,Ekerö kommun,59.0587901,18.0669518
Söderby,Haninge kommun,59.0587901,18.0669518
Söderby-Karl,Norrtälje kommun,59.8976934,18.6969805
Söderbärke,Smedjebackens kommun,60.0730101,15.5645556
Söderfors,Tierps kommun,60.3881327,17.2412588
Söderhamn,Söderhamns kommun,61.2998501,17.0607599
Söderköping,Söderköpings kommun,58.4823802,16.3216224
Söderskogen,Håbo kommun,59.6762029,17.5958919
Södersvik,Norrtälje kommun,59.7501161,18.9156144
Södertälje,Södertälje kommun,59.1964289,17.6271663
Söderåkra,Torsås kommun,56.446032,16.0706166
Södra Bredåker,Bodens kommun,65.9010204,21.321748
Södra Sandby,Lunds kommun,56.5671713,16.6199859
Södra Sunderbyn,Luleå kommun,65.6541627,21.9534144
Södra Vi,Vimmerby kommun,57.7414559,15.7960531
Sölvesborg,Sölvesborgs kommun,56.0506535,14.5871906
Sörforsa,Hudiksvalls kommun,61.7178872,16.9696608
Sörfors,Umeå kommun,63.8729785,20.036461
Sörmjöle,Umeå kommun,63.6799465,20.002339
Sörstafors,Hallstahammars kommun,59.5830617,16.2107611
Sörvik,Ludvika kommun,60.1869127,15.147367
Söråker,Timrå kommun,62.5045494,17.5086121
Sösdala,Hässleholms kommun,56.0406301,13.6814934
Sövde,Sjöbo kommun,55.5850316,13.6735972
Sövestad,Ystads kommun,55.5013994,13.7952608
Taberg,Jönköpings kommun,57.6789477,14.0918656
Tallboda,Linköpings kommun,58.4308588,15.6865902
Tallvik,Överkalix kommun,66.3372604,22.8476853517623
Tallåsen,Ljusdals kommun,59.4519893,14.7713792
Tandsbyn,Östersunds kommun,63.0009228,14.7453133
Tanumshede,Tanums kommun,58.7219089,11.3323854
Tavelsjö,Umeå kommun,64.0358824,20.0502172
Teckomatorp,Svalövs kommun,55.8665396,13.0903581
Tenhult,Jönköpings kommun,57.7066549,14.3210335
Tibro,Tibro kommun,58.4248905,14.1631194
Tidaholm,Tidaholms kommun,58.1406938,13.9241453152186
Tidan,Skövde kommun,58.5763387,14.0120957
Tidö-Lindö,Västerås kommun,59.5128222,16.5315779928564
Tierp,Tierps kommun,60.3429614,17.5168395
Tillberga,Västerås kommun,59.6867049,16.6183479
Timmele,Ulricehamns kommun,57.8619045,13.4285513
Timmernabben,Mönsterås kommun,56.970307,16.43421
Timmersdala,Skövde kommun,58.5276731,13.7594326
Timrå,Timrå kommun,62.4893197,17.3273736
Tingsryd,Tingsryds kommun,56.5279063,14.9771884
Tingstäde,Gotlands kommun,57.7357591,18.6136895
Tjautjas,Gällivare kommun,67.3266074,20.7366992
Tjuvkil,Kungälvs kommun,57.8933244,11.7432986
Tjällmo,Motala kommun,58.7151506,15.3545013
Tjörnarp,Höörs kommun,55.9999833,13.6350456
Tobo,Tierps kommun,60.257396,17.6564877
Tofta,Gotlands kommun,57.5208067,18.1685972
Tofta,Varbergs kommun,57.5208067,18.1685972
Toftbyn,Falu kommun,60.7132322,15.785604
Tollarp,Kristianstads kommun,55.9340622,13.9751411
Tollered,Lerums kommun,57.8187295,12.4226791
Tomelilla,Tomelilla kommun,55.5437984,13.9541222
Tomtebo,Umeå kommun,63.80857515,20.3764492030122
Torbjörntorp,Falköpings kommun,58.210335,13.6080927
Torekov,Båstads kommun,56.4262975,12.6267676
Torestorp,Marks kommun,56.7943756,15.947044
Torhamn,Karlskrona kommun,56.0952686,15.8310923
Tormestorp,Hässleholms kommun,56.1115803,13.7442081
Torna Hällestad,Lunds kommun,55.6789765,13.4184657
Torpa,Varbergs kommun,57.1889485,12.2805691
Torpsbruk,Alvesta kommun,57.034375,14.5710085
Torpshammar,Ånge kommun,62.4761655,16.3313557
Torreby,Munkedals kommun,58.4437185,11.5992556
Torsby,Torsby kommun,60.1355208,13.0067884
Torshälla,Eskilstuna kommun,59.419243,16.4749442
Torsåker,Hofors kommun,63.07665965,17.7153743993089
Torsång,Borlänge kommun,60.4635207,15.5696291
Torsås,Torsås kommun,56.4124084,16.0030732
Tortuna,Västerås kommun,59.6747022,16.7224648
Torup,Hylte kommun,56.9535425,13.074462
Totebo,Västerviks kommun,57.6318656,16.1828094
Tranemo,Tranemo kommun,57.4904914,13.4310466449924
Tranholmen,Danderyds kommun,59.2918234,17.7796438
Transtrand,Malung-Sälens kommun,61.0903702,13.3217053
Tranås,Tranås kommun,58.0392621,14.8257350515355
Traryd,Markaryds kommun,56.5790415,13.7526952
Trekanten,Kalmars kommun,56.6999058,16.1167106
Trelleborg,Trelleborgs kommun,55.37592,13.1461522
Trollhättan,Trollhättans kommun,58.2178681,12.3413859774765
Trosa,Trosa kommun,58.8967057,17.5478116
Trångsviken,Krokoms kommun,63.3331316,14.016113
Tråvad,Vara kommun,58.2518663,13.0853847
Trädet,Ulricehamns kommun,57.9856336,13.5319224
Trödje,Gävle kommun,60.8189584,17.2145708
Trönninge,Halmstads kommun,57.14172,12.2882368
Trönningenäs,Varbergs kommun,57.138731,12.2238818
Trönö,Söderhamns kommun,61.3961376,16.8337173
Tumba,Botkyrka kommun,59.2005555,17.8343123
Tumbo,Eskilstuna kommun,59.4296887,16.3398882
Tumlehed,Göteborgs kommun,57.7288181,11.7433701
Tuna,Landskrona kommun,62.3368898,17.0286942883041
Tuna,Södertälje kommun,62.3368898,17.0286942883041
Tuna,Vimmerby kommun,62.3368898,17.0286942883041
Tunnerstad,Jönköpings kommun,58.047598,14.337399
Tuolluvaara,Kiruna kommun,67.855418,20.318467
Tureholm,Ekerö kommun,66.3921665,23.6048897
Tving,Karlskrona kommun,56.3102802,15.4629325
Tvååker,Varbergs kommun,57.0418932,12.3989925
Tvärskog,Kalmars kommun,56.6236335,16.0412552
Tvärålund,Vindelns kommun,64.0992442,19.6702601
Tye,Hammarö kommun,59.3459075,13.5617065
Tygelsjö,Malmö kommun,55.5146694,13.0017156
Tynningö,Vaxholms kommun,59.3775744,18.3927013548699
Tyringe,Hässleholms kommun,56.1602044,13.6042633
Tystberga,Nyköpings kommun,58.8493482,17.234324
Tågarp,Svalövs kommun,56.3043054,13.8222348
Tångaberg,Varbergs kommun,57.1746224,12.2258909
Tånga och Rögle,Helsingborgs kommun,56.1937296,12.7734077
Tånnö,Värnamo kommun,57.0942463,14.0474223
Täfteå,Umeå kommun,63.839675,20.4759469
Täljö,Österåkers kommun,59.4717904,18.2391946
Tällberg,Leksands kommun,60.8256353,14.9945806
Tärnaby,Storumans kommun,65.7131764,15.2827449
Tärnsjö,Heby kommun,60.1545625,16.9275101
Tävelsås,Växjö kommun,56.7698924,14.8238697
Töcksfors,Årjängs kommun,59.5093152,11.8425198
Töllsjö,Bollebygds kommun,57.7973099,12.6347606
Töreboda,Töreboda kommun,58.7081061,14.1239738
Töre,Kalix kommun,65.9131293,22.6478278
Törestorp,Gnosjö kommun,58.3099486,13.0732777
Tösse,Åmåls kommun,58.9719043,12.6448606
Ubbhult norra,Marks kommun,57.5809852,12.3547195
Ucklum,Stenungsunds kommun,58.0844446,11.9569194
Uddebo,Tranemo kommun,57.4745951,13.2633258
Uddeholm,Hagfors kommun,60.0247668,13.6190078
Udden,Eskilstuna kommun,58.8395477,11.0794801878964
Uddevalla,Uddevalla kommun,58.3490555,11.9382855
Uddheden,Sunne kommun,59.9459831,12.9107847
Ullared,Falkenbergs kommun,57.136086,12.7156312
Ullervad,Mariestads kommun,58.6668348,13.8564777
Ullånger,Kramfors kommun,63.01822095,18.1419021601836
Ulricehamn,Ulricehamns kommun,57.81121745,13.444322002103
Ulrika,Linköpings kommun,58.1329705,15.3943755131321
Ultuna,Uppsala kommun,59.8159448,17.6598777
Ulvkälla,Härjedalens kommun,62.0231583,14.3652714
Ulvåker,Skövde kommun,58.4736248,13.9285277
Umeå,Umeå kommun,63.8256568,20.2630745
Undenäs,Karlsborgs kommun,58.6568965,14.3988477
Undersåker,Åre kommun,63.3146864,13.2420533
Unnaryd,Hylte kommun,56.9545347,13.5284802
Upphärad,Trollhättans kommun,58.1582642,12.3048591
Upplanda,Tierps kommun,60.2020357,17.1802206
Uppsala,Uppsala kommun,59.8594126,17.64112
Urshult,Tingsryds kommun,56.5317608,14.8141005
Ursviken,Skellefteå kommun,64.7081242,21.1766869
Utby,Uddevalla kommun,58.3338114,11.7868925
Utvälinge,Helsingborgs kommun,56.2157474,12.7807089
Vad,Smedjebackens kommun,59.7696752,16.8610978
Vadstena,Vadstena kommun,58.4310819,14.7807629934887
Vaggeryd,Vaggeryds kommun,57.4980578,14.1484787
Vagnhärad,Trosa kommun,58.9468803,17.4955923
Valbo,Gävle kommun,60.6447772,17.0122765
Valdemarsvik,Valdemarsviks kommun,58.2025901,16.6032191
Valinge,Varbergs kommun,57.1711312,12.3810982
Valje,Bromölla kommun,56.0645977,14.5442456
Valla,Katrineholms kommun,62.3906836,17.1657692
Vallargärdet,Karlstads kommun,59.4773586,13.5842321
Vallberga,Laholms kommun,56.4676284,13.0249077
Vallda,Kungsbacka kommun,57.4726782,11.999076
Vallentuna,Vallentuna kommun,59.5332247,18.0764505
Vallkärra,Lunds kommun,55.7407534,13.1730569
Vallsta,Bollnäs kommun,60.4175126,15.3581897
Vallvik,Söderhamns kommun,61.1843656,17.1763444
Vallåkra,Helsingborgs kommun,55.9622674,12.8583158
Valskog,Kungsörs kommun,59.444012,15.9497269
Vankiva,Hässleholms kommun,56.2003645,13.7415018
Vannsätter,Söderhamns kommun,61.2608002,16.788084
Vansbro,Vansbro kommun,60.4610572,14.2598090430949
Vansö kyrkby,Strängnäs kommun,59.4056531,16.9404076
Vaplan,Krokoms kommun,63.3355051,14.2150246
Vara,Vara kommun,58.24902655,13.1015983649631
Varberg,Varbergs kommun,57.1057412,12.2502949
Varekil,Orust kommun,58.1253446,11.7197673
Vargön,Vänersborgs kommun,58.3581039,12.4003624
Varnhem,Skara kommun,58.3853435,13.6505707
Vartofta,Falköpings kommun,58.0960676,13.6327759
Vassmolösa,Kalmars kommun,56.5985328,16.1649125
Vattholma,Uppsala kommun,60.0190508,17.7327925
Vattjom,Sundsvalls kommun,62.3650638,17.0338053
Vattnäs,Mora kommun,61.0477845,14.5946165
Vattubrinken,Södertälje kommun,59.2438678,17.5828515
Vaxholm,Vaxholms kommun,59.40090745,18.2903238033787
Veberöd,Lunds kommun,55.6334996,13.4925649
Veddige,Varbergs kommun,57.26639525,12.3303727945343
Vedevåg,Lindesbergs kommun,59.5247066,15.2979931
Vedum,Vara kommun,58.1710416,12.9955677
Vegby,Ulricehamns kommun,57.6788601,13.3742261
Veinge,Laholms kommun,56.5540258,13.0761646
Velanda,Trollhättans kommun,58.228718,12.3102334
Vellinge,Vellinge kommun,55.470895,13.0199449
Vemdalen,Härjedalens kommun,62.4451674,13.8628202
Vena,Hultsfreds kommun,57.8594633,11.8747128
Venjan,Mora kommun,60.9527537,13.9109217
Vessigebro,Falkenbergs kommun,56.9786275,12.6586652
Vetlanda,Vetlanda kommun,57.4260178,15.0870226
Vibble,Gotlands kommun,57.6038368,18.2496614
Vickleby,Mörbylånga kommun,56.5819317,16.4588968
Vidja,Huddinge kommun,59.1971651,18.0596931
Vidsel,Älvsbyns kommun,65.8336059,20.5200884
Vidöåsen,Hammarö kommun,59.3419771,13.4533363
Viforsen och Tunbyn,Sundsvalls kommun,62.3061012,17.2541397
Vika,Falu kommun,60.5127487,15.7107596
Vikarbyn,Rättviks kommun,60.9106397,15.0237761
Viken,Höganäs kommun,57.8064285,13.8837461
Vikingstad,Linköpings kommun,58.3832417,15.4332452
Vikmanshyttan,Hedemora kommun,60.2990095,15.8310513
Vik,Simrishamns kommun,59.7363839,17.4625432
Viksjöfors,Ovanåkers kommun,61.3375225,15.9529485
Vilhelmina,Vilhelmina kommun,64.6257185,16.6541624
Villshärad,Halmstads kommun,56.6943603,12.696605
Vilshult,Olofströms kommun,56.3543376,14.4826247
Vimmerby,Vimmerby kommun,57.678134,15.7917231699629
Vinberg,Falkenbergs kommun,56.9470544,12.5429389
Vinbergs kyrkby,Falkenbergs kommun,56.9305694,12.5479638
Vindeln,Vindelns kommun,64.2024817,19.7177522
Vindön,Orust kommun,58.2992034,11.6917183
Vingåker,Vingåkers kommun,59.0433723,15.8715565
Vinninga,Lidköpings kommun,58.4537545,13.2602117
Vinnö,Kristianstads kommun,56.0561757,14.0878803
Vinslöv,Hässleholms kommun,56.102213,13.9095768
Vintrie,Malmö kommun,55.5529771,12.9620673
Vintrosa,Lekebergs kommun,59.255355,14.9618552
Vinäs,Mora kommun,60.9678943,14.5402536
Virsbo,Surahammars kommun,59.8713688,16.0480575
Virserum,Hultsfreds kommun,57.3168544,15.5868533
Visby,Gotlands kommun,57.6379361,18.297982
Viskafors,Borås kommun,57.6307502,12.8492076
Vislanda,Alvesta kommun,56.7872261,14.4515835
Vissefjärda,Emmaboda kommun,56.5355233,15.5861469
Vistträsk,Älvsbyns kommun,65.6928463,20.6486375
Vi,Sundsvalls kommun,62.4283334,17.418437
Vitaby,Simrishamns kommun,55.6849776,14.1535475
Vittangi,Kiruna kommun,67.6782861,21.6501879
Vittaryd,Ljungby kommun,56.9707555,13.9467913
Vittinge,Heby kommun,59.9043329,17.0610626
Vittjärv,Bodens kommun,65.8502346,21.5902918
Vittsjö,Hässleholms kommun,56.3419237,13.6654927
Vittskövle,Kristianstads kommun,55.8573065,14.1473983
Vollsjö,Sjöbo kommun,55.7054425,13.7900582
Vrena,Nyköpings kommun,58.8601582,16.6982639
Vretstorp,Hallsbergs kommun,59.0235555,14.8668288
Vrigstad,Sävsjö kommun,57.3546161,14.4741323
Vrångö,Göteborgs kommun,57.57564675,11.7851330637038
Vuollerim,Jokkmokks kommun,66.4295605,20.6024171
Vålberg,Karlstads kommun,59.3953811,13.1934701
Våmhus,Mora kommun,61.1168607,14.4779648
Vånga,Kristianstads kommun,56.1823728,14.3737102
Vårdsätra,Uppsala kommun,59.7935126,17.6225932
Vårgårda,Vårgårda kommun,58.0316492,12.8090407
Vårsta,Botkyrka kommun,59.1653304,17.7959288
Våxtorp,Laholms kommun,56.4193023,13.1158963
Väckelsång,Tingsryds kommun,56.6402683,14.9175054
Väderstad,Mjölby kommun,58.3114358,14.9236438
Väggarp,Eslövs kommun,55.7867826,13.2412486
Väländan,Haninge kommun,59.112957,17.987988
Vänersborg,Vänersborgs kommun,58.4433649,12.3609810401376
Väne-Åsaka,Trollhättans kommun,58.2470858,12.4202407
Vänge,Uppsala kommun,59.8586465,17.430238
Vännäsby,Vännäs kommun,63.9148885,19.8248667
Vännäs,Vännäs kommun,63.94087205,19.7025716173518
Väring,Skövde kommun,58.5112433,13.9608356
Värmlandsbro,Säffle kommun,59.1815134,13.0147903
Värnamo,Värnamo kommun,57.1852137,14.0412173
Värsås,Skövde kommun,58.349996,14.0492704
Väröbacka,Varbergs kommun,57.2511262,12.1807163
Väse,Karlstads kommun,59.3844824,13.8528775
Väskinde,Gotlands kommun,57.6911784,18.4201839
Västanvik,Leksands kommun,58.6826008,14.9406044
Västanvik,Motala kommun,58.6826008,14.9406044
Västerberg,Sandvikens kommun,58.9968666,15.3792286
Västerby,Hedemora kommun,59.8481149,17.5163319
Västerfärnebo,Sala kommun,59.9461306,16.2796839
Västerhaninge,Haninge kommun,59.1221593,18.1085969
Västerhejde,Gotlands kommun,57.5855927,18.227334
Västerljung,Trosa kommun,58.9213335,17.4474928
Västerlösa,Linköpings kommun,58.42255555,15.3501391134291
Västermyckeläng,Älvdalens kommun,61.2128746,14.0313545
Västervik,Västerviks kommun,57.7594186,16.6385035
Västerås,Västerås kommun,59.6110992,16.5463679
Västra Bispgården,Ragunda kommun,63.0241535,16.6354903
Västra Hagen,Kungsbacka kommun,57.4216681,11.9408574
Västra Husby,Söderköpings kommun,58.4868626,16.1720543
Västra Ingelstad,Vellinge kommun,55.4904692,13.1123622
Västra Karaby,Kävlinge kommun,55.8109022,13.0514128
Västra Karup,Båstads kommun,56.4115393,12.7434057
Västra Tommarp,Trelleborgs kommun,55.397667,13.1023869
Västra Ämtervik,Sunne kommun,59.7271728,13.1432142
Växjö,Växjö kommun,56.8787183,14.8094385
Yngsjö,Kristianstads kommun,55.88277,14.2293823
Ysane,Sölvesborgs kommun,56.088968,14.6494518
Ysby,Laholms kommun,56.4933152,13.1199661
Ystad,Ystads kommun,55.4329849,13.8196555
Ytterhogdal,Härjedalens kommun,62.1772097,14.9394367
Ytternäs och Vreta,Uppsala kommun,59.7755358,17.6013774
Yttersjö,Umeå kommun,63.7869284,19.9844773
Zinkgruvan,Askersunds kommun,58.8154355,15.1066261
Åbyggeby,Gävle kommun,60.7286511,17.1268381
Åby,Norrköpings kommun,58.6621485,16.1759257
Åbytorp,Kumla kommun,60.043209,17.9834014
Åby,Växjö kommun,58.6621485,16.1759257
Åhus,Kristianstads kommun,55.9235165,14.2955222
Åkarp,Burlövs kommun,55.8768933,13.1362201
Åkersberga,Österåkers kommun,59.4823516,18.2943981
Åkers styckebruk,Strängnäs kommun,59.2564417,17.1080216
Ålberga,Nyköpings kommun,58.7250425,16.5809527
Åled,Halmstads kommun,56.7423814,12.9475577
Åminne,Värnamo kommun,57.6124977,18.761462
Åmmeberg,Askersunds kommun,58.8656103,14.9991924
Åmotfors,Eda kommun,59.7625867,12.362227
Åmot,Ockelbo kommun,59.7052022,12.8872074
Åmunnen,Kalmars kommun,56.6276967,16.2368059
Åmynnet,Örnsköldsviks kommun,63.1861108,18.5306961
Åmål,Åmåls kommun,58.96985825,12.6180043134136
Ånge,Ånge kommun,62.4739796,15.6419420668738
Ånäset,Robertsfors kommun,65.2790461,19.9086669
Åre,Åre kommun,63.4010888,13.0822241
Årjäng,Årjängs kommun,59.44244595,12.1091846802427
Årnäs,Varbergs kommun,58.6679145,13.5846108
Årstad,Falkenbergs kommun,59.5835662,12.1301937
Årsta Havsbad,Haninge kommun,59.0862267,18.1659571
Årsunda,Sandvikens kommun,60.5150767,16.7334186
Åryd,Karlshamns kommun,57.9547987,13.6506503
Åryd,Växjö kommun,57.9547987,13.6506503
Åsa,Kungsbacka kommun,58.0047454,14.6044024
Åsarna,Bergs kommun,62.645937,14.3705603
Åsarp,Falköpings kommun,58.0238488,13.568091
Åsbro,Askersunds kommun,58.9970803,15.0573345
Åsby,Varbergs kommun,59.2061604,15.5753986
Åseda,Uppvidinge kommun,57.1691268,15.3525029
Åsele,Åsele kommun,64.20007895,17.6141342862373
Åsensbruk,Melleruds kommun,58.8072431,12.4194782
Åshammar,Sandvikens kommun,60.6422782,16.5540253
Ås,Krokoms kommun,57.0495731,12.306622
Åsljunga,Örkelljunga kommun,56.3093884,13.3744883
Åstorp,Åstorps kommun,56.1351211,12.9462464
Åtvidaberg,Åtvidabergs kommun,58.2173363,16.140217486292
Älandsbro,Härnösands kommun,62.6735592,17.8360396
Älgarås,Töreboda kommun,58.8135098,14.252111
Älghult,Uppvidinge kommun,63.8191099,18.4259778
Älgö,Nacka kommun,59.2669126,18.3433478
Älmhult,Älmhults kommun,56.5512883,14.1391762
Älmsta,Norrtälje kommun,59.9717072,18.8031423
Älvdalen,Älvdalens kommun,61.2298989,14.0373946
Älvkarleby,Älvkarleby kommun,60.69457775,17.6956282921947
Älvkarleö,Älvkarleby kommun,59.3539413,18.0944151
Älvnäs,Ekerö kommun,60.5867724,15.0689182
Älvsala,Värmdö kommun,59.2972328,18.6404454
Älvsbyn,Älvsbyns kommun,65.7372667,20.6818974185551
Älvsered,Falkenbergs kommun,57.2414551,12.8664725
Älvängen,Ale kommun,57.9576648,12.1188331
Änge,Krokoms kommun,63.458115,14.0649326
Ängelholms strand,Ängelholms kommun,56.2322471,12.9979216
Ängelholm,Ängelholms kommun,56.2429224,12.8619375
Äng,Nässjö kommun,57.6955717,14.5666709
Ängsmon,Östersunds kommun,63.1436052,14.7527842
Ängsvik,Värmdö kommun,59.2405781,18.5303253
Äppelbo,Vansbro kommun,60.4858844,14.0138529
Ärla,Eskilstuna kommun,59.2825211,16.6769841
Äsköping,Katrineholms kommun,59.1475986,16.0688384
Äspered,Borås kommun,57.7551265,13.1782274
Äsperöd,Sjöbo kommun,55.6095732,13.9189757
Ätran,Falkenbergs kommun,57.5643104,13.1245905
Öbolandet,Trosa kommun,58.86982215,17.5721789874737
Öbonäs,Norrköpings kommun,58.5407146,16.1836529
Öckerö,Öckerö kommun,57.7279006,11.4236832859863
Ödeborg,Färgelanda kommun,58.5451294,11.9717678
Ödeshög,Ödeshögs kommun,58.2245933,14.6622073848433
Ödsmål och Åsebyberg,Kungälvs kommun,57.9151441,11.8000245
Ödsmål,Stenungsunds kommun,58.110845,11.8560598
Ödåkra,Helsingborgs kommun,56.1033504,12.7499273
Öggestorp,Jönköpings kommun,57.723374,14.3835715
Öjersjö,Partille kommun,57.7038269,12.1430919
Ölmbrotorp,Örebro kommun,59.3896399,15.2447617
Ölme,Kristinehamns kommun,59.3620948,14.0099476
Ölmstad,Jönköpings kommun,57.9266124,14.3976339
Ölsta,Ekerö kommun,59.4001485,17.6551599
Önneköp,Hörby kommun,55.7861166,13.8708908
Önnestad,Kristianstads kommun,56.0558723,14.0233999
Örbyhus,Tierps kommun,60.2269328,17.7056289
Örebro,Örebro kommun,59.2747378,15.2149988
Öregrund,Östhammars kommun,60.338115,18.4421817
Örkelljunga,Örkelljunga kommun,56.2839768,13.2784525
Örnsköldsvik,Örnsköldsviks kommun,63.2888613,18.7160209
Örserum,Jönköpings kommun,58.0101098,14.5720338
Örsjö,Nybro kommun,55.466552,13.5648229
Örslösa,Lidköpings kommun,58.5088181,13.0042585
Örsundsbro,Enköpings kommun,59.7319788,17.302278
Örsundsbro norra,Enköpings kommun,59.7319788,17.302278
Örtagården,Västerås kommun,57.681304,11.9524129
Örtofta,Eslövs kommun,55.7783221,13.2439888
Örviken,Skellefteå kommun,64.6689526,21.1796961
Ösmo,Nynäshamns kommun,58.9828268,17.8961915
Össjö,Ängelholms kommun,56.2286102,13.0318068
Östadkulle,Vårgårda kommun,58.023946,12.6372919
Östansjö,Hallsbergs kommun,63.960035,20.0298611
Österbybruk,Östhammars kommun,60.1959366,17.9014485
Österbymo,Ydre kommun,57.8247951,15.2753967
Österfärnebo,Sandvikens kommun,60.3056262,16.8001948
Österslöv,Kristianstads kommun,56.0962881,14.2459037
Österstad,Motala kommun,58.5192977,15.1760642
Östersund,Östersunds kommun,63.1793655,14.6357061
Östervåla,Heby kommun,60.1809325,17.1780842
Östhammar,Östhammars kommun,60.2590164,18.3736581
Östra Bispgården,Ragunda kommun,63.0241535,16.6354903
Östra Frölunda,Svenljunga kommun,57.3433155,13.0298612
Östra Grevie,Vellinge kommun,55.4675491,13.1357781
Östra Husby,Norrköpings kommun,58.5769008,16.563881
Östra Kallfors,Södertälje kommun,59.1104951,17.5602155
Östra Karup,Båstads kommun,56.4238677,12.9431549
Östra Ljungby,Klippans kommun,56.1913513,13.0647787
Östra Ryd,Söderköpings kommun,58.4049274,16.1645274
Östra Sönnarslöv,Kristianstads kommun,55.8859564,14.0156474
Östra Tommarp,Simrishamns kommun,55.5379173,14.2343699
Östra Vemmerlöv,Simrishamns kommun,55.5829329,14.2325834
Överboda,Umeå kommun,60.7810729,15.0405242
Överhärde,Gävle kommun,60.6161409,16.9734455
Överkalix,Överkalix kommun,66.49204865,22.6047588067586
Överlida,Svenljunga kommun,57.3497949,12.8958225
Övertorneå,Övertorneå kommun,66.3900454,23.6550021
Övertänger,Falu kommun,60.8651577,15.7621855
Överum,Västerviks kommun,57.9887487,16.3143158
Öxabäck,Marks kommun,57.3947459,12.8046265
Öxeryd,Lerums kommun,57.7376189,12.2743839
